rank,reddit_id,elo,n_comparisons,upvotes,num_comments,upvote_ratio,title,permalink,image_url,is_candidate
1,1jb2wam,1819.9,27,1791,47,1.0,Watercolour painting by my friend Maxi Svensson. He can’t seem to make Reddit work so posting it for him :)),https://reddit.com/r/Watercolor/comments/1jb2wam/watercolour_painting_by_my_friend_maxi_svensson/,https://i.redd.it/w64qu741hnoe1.jpeg,0
2,1ntlync,1804.5,27,78,6,0.9900000095367432,One half of children book illustration about horse racing 😊,https://reddit.com/r/Watercolor/comments/1ntlync/one_half_of_children_book_illustration_about/,https://preview.redd.it/wfwrpzfvm4sf1.jpg?width=1170&format=pjpg&auto=webp&s=c65480f7e4227060ffb0d01f5f9803ce5742d01a,0
3,1j8xxdr,1802.4,20,2207,68,1.0,A group of chameleons I painted a couple years ago. Watercolor and gouache.,https://reddit.com/r/Watercolor/comments/1j8xxdr/a_group_of_chameleons_i_painted_a_couple_years/,https://preview.redd.it/ldd8fuqjt3oe1.jpg?width=3024&format=pjpg&auto=webp&s=69c17f029c0b7cf7ec66697bdd0e13f51f2a3989,0
4,1dvmc0n,1799.1,31,205,3,1.0,Sunrise at Yosemite,https://reddit.com/r/Watercolor/comments/1dvmc0n/sunrise_at_yosemite/,https://i.redd.it/z0rzzm9yqlad1.jpeg,0
5,1lf95am,1790.2,27,241,14,1.0,Live Oak Alley with Blooming Azaleas,https://reddit.com/r/Watercolor/comments/1lf95am/live_oak_alley_with_blooming_azaleas/,https://i.redd.it/ndccftk6kv7f1.jpeg,0
6,1bygbtf,1785.1,23,692,39,0.99,Watercolor  by Kris Krupinski,https://reddit.com/r/Watercolor/comments/1bygbtf/watercolor_by_kris_krupinski/,https://i.redd.it/ypku94bkn4tc1.jpeg,0
7,1j4lgrv,1782.9,32,109,6,1.0,Sabino Pools 1 15x22 Potentate 140lb cp,https://reddit.com/r/Watercolor/comments/1j4lgrv/sabino_pools_1_15x22_potentate_140lb_cp/,https://i.redd.it/u62ib4z9gzme1.jpeg,0
8,1fn9obg,1773.6,28,1291,26,1.0,"plein air at Blair road , Singapore   ",https://reddit.com/r/Watercolor/comments/1fn9obg/plein_air_at_blair_road_singapore/,https://preview.redd.it/hqm0bx1eugqd1.jpg?width=3895&format=pjpg&auto=webp&s=c4a3bc499c8f43a6c64262ee62752da3a85fdb20,0
9,1p8q835,1771.4,31,118,1,1.0,Layered underwater kelp forest I did from a forced perspective view (9 x 12 inches),https://reddit.com/r/Watercolor/comments/1p8q835/layered_underwater_kelp_forest_i_did_from_a/,https://i.redd.it/1048qyv5qy3g1.jpeg,0
10,1edz0ue,1769.4,27,215,15,0.9900000095367432,Weekend painting. Let me know your thoughts about this piece.,https://reddit.com/r/Watercolor/comments/1edz0ue/weekend_painting_let_me_know_your_thoughts_about/,https://i.redd.it/5kjjkcj8r6fd1.jpeg,0
11,1mt0b05,1767.2,31,387,11,1.0,Back to brushes after summer break,https://reddit.com/r/Watercolor/comments/1mt0b05/back_to_brushes_after_summer_break/,https://preview.redd.it/s4fsu11mtmjf1.jpg?width=1110&format=pjpg&auto=webp&s=69969b0bf74084c19e59b0a2045d40c006e0f733,0
12,193rfte,1749.4,32,192,4,1.0,"I painted some owls, inspired by Lars Jonsson",https://reddit.com/r/Watercolor/comments/193rfte/i_painted_some_owls_inspired_by_lars_jonsson/,https://preview.redd.it/r3vyrgtu9qbc1.jpg?width=3752&format=pjpg&auto=webp&s=dbc4ce91d08ec8a9c555cc2a0a7d691468be598b,0
13,1mbb84p,1748.3,30,610,23,1.0,Watercolour and gouache,https://reddit.com/r/Watercolor/comments/1mbb84p/watercolour_and_gouache/,https://i.redd.it/92ve8bl2zkff1.jpeg,0
14,1cfkgw9,1747.3,28,125,4,0.98,"Daffodils at Lake Pocotopaug- East Hampton, CT. 6x8” gouache I just finished!",https://reddit.com/r/Watercolor/comments/1cfkgw9/daffodils_at_lake_pocotopaug_east_hampton_ct_6x8/,https://i.redd.it/snnqs6oz1bxc1.jpeg,0
15,1fke898,1745.1,31,973,33,1.0,"Osaka, Watercolour and Ink by me!",https://reddit.com/r/Watercolor/comments/1fke898/osaka_watercolour_and_ink_by_me/,https://i.redd.it/f6br1z8akppd1.jpeg,0
16,1copbun,1737.8,29,890,20,0.98,Friday noon,https://reddit.com/r/Watercolor/comments/1copbun/friday_noon/,https://i.redd.it/aurmn0qjmlzc1.jpeg,0
17,1jxn2up,1733.0,31,265,9,0.9900000095367432,Milestone unlocked!,https://reddit.com/r/Watercolor/comments/1jxn2up/milestone_unlocked/,https://i.redd.it/9jzczguezfue1.jpeg,0
18,1i2npgh,1729.0,31,2235,57,1.0,I painted some boats in watercolor ,https://reddit.com/r/Watercolor/comments/1i2npgh/i_painted_some_boats_in_watercolor/,https://i.redd.it/khczxi6dmcde1.jpeg,0
19,1nrztii,1720.3,30,1043,141,1.0,Not sure how I feel about this one,https://reddit.com/r/Watercolor/comments/1nrztii/not_sure_how_i_feel_about_this_one/,https://i.redd.it/ph5o0trvjqrf1.jpeg,0
20,1nvoh65,1720.1,32,22,1,0.9599999785423279,life portrait of a young man,https://reddit.com/r/Watercolor/comments/1nvoh65/life_portrait_of_a_young_man/,https://i.redd.it/zhboqs608lsf1.jpeg,0
21,1imvtct,1715.8,32,805,27,1.0,Winter sunrise series,https://reddit.com/r/Watercolor/comments/1imvtct/winter_sunrise_series/,https://preview.redd.it/8y09bb1sohie1.jpg?width=3958&format=pjpg&auto=webp&s=7c6cd0e999efab3cc12327eed2344e70bb1d0ec8,0
22,1ovkhni,1713.1,28,567,20,1.0,...the ocean sneezed,https://reddit.com/r/Watercolor/comments/1ovkhni/the_ocean_sneezed/,https://i.redd.it/an05zriapw0g1.png,0
23,1e6zx90,1712.5,31,144,7,0.9800000190734863,colors of the sky,https://reddit.com/r/Watercolor/comments/1e6zx90/colors_of_the_sky/,https://i.redd.it/5fjlq7wi6gdd1.jpeg,0
24,1hb501u,1712.2,31,125,9,0.9800000190734863,"Pine Marten Archer, watercolor and ink ",https://reddit.com/r/Watercolor/comments/1hb501u/pine_marten_archer_watercolor_and_ink/,https://i.redd.it/7iqrhxufn16e1.jpeg,0
25,1hod120,1711.4,28,540,36,1.0,I stopped following weekly watercolor tutorials after several years and started painting my own things. (birds. It's all birds.) Here are a few of my favorites. ,https://reddit.com/r/Watercolor/comments/1hod120/i_stopped_following_weekly_watercolor_tutorials/,https://preview.redd.it/nestfbn93n9e1.png?width=1000&format=png&auto=webp&s=10ae51bad2f47c7df3eec5feee3e20b255573724,0
26,1fvt5l9,1706.6,31,1052,15,1.0,Portrait I did,https://reddit.com/r/Watercolor/comments/1fvt5l9/portrait_i_did/,https://i.redd.it/rtm3tp7stosd1.jpeg,0
27,1h2mgh9,1706.5,27,128,5,0.9700000286102295,Watercolor portrait,https://reddit.com/r/Watercolor/comments/1h2mgh9/watercolor_portrait/,https://i.redd.it/t3n2pqoqku3e1.jpeg,0
28,1j6fd4i,1705.8,29,21,3,1.0,Raven on a Protea branch.,https://reddit.com/r/Watercolor/comments/1j6fd4i/raven_on_a_protea_branch/,https://i.redd.it/0pjtkta0dgne1.jpeg,0
29,1ikjj8p,1702.0,31,28,6,0.97,"Peony. watercolor, black marker, me",https://reddit.com/r/Watercolor/comments/1ikjj8p/peony_watercolor_black_marker_me/,https://preview.redd.it/77u4w07jvvhe1.jpg?width=3840&format=pjpg&auto=webp&s=0198f3cb9900bc8eb05bfc8403ab4091505067b3,0
30,1h7zq61,1699.4,31,187,12,0.9900000095367432,"""Moonlit Fox Adventure"" Me, Watercolour, an older painting im still really proud of ",https://reddit.com/r/Watercolor/comments/1h7zq61/moonlit_fox_adventure_me_watercolour_an_older/,https://i.redd.it/5cznv41gw75e1.jpeg,0
31,1hou9py,1696.9,31,72,7,0.9900000095367432,"Hello, Happy New Year, Keep Smiling! Emu Portrait in Watercolour.",https://reddit.com/r/Watercolor/comments/1hou9py/hello_happy_new_year_keep_smiling_emu_portrait_in/,https://i.redd.it/h9x8hp4fxr9e1.jpeg,0
32,1er8q8e,1696.4,31,119,13,0.9700000286102295,"Rainy Bangkok, 56*38 cm, 2021",https://reddit.com/r/Watercolor/comments/1er8q8e/rainy_bangkok_5638_cm_2021/,https://i.redd.it/63r462bdufid1.jpeg,0
33,1fm03kw,1688.4,30,22,1,0.8399999737739563,My lineart and final painting,https://reddit.com/r/Watercolor/comments/1fm03kw/my_lineart_and_final_painting/,https://i.redd.it/m49gvmct45qd1.jpeg,0
34,191oxvw,1685.0,30,784,73,0.99,"This one I decided to leave out a bunch of things that didnt matter to me and only focus on the things that did. My husband convinced me to add a little context, which I did",https://reddit.com/r/Watercolor/comments/191oxvw/this_one_i_decided_to_leave_out_a_bunch_of_things/,https://i.redd.it/6i8kr9h3s8bc1.jpeg,0
35,1j6ycwg,1682.8,32,327,9,0.99,Original art i made using watercolor,https://reddit.com/r/Watercolor/comments/1j6ycwg/original_art_i_made_using_watercolor/,https://i.redd.it/ofjccukzzkne1.png,0
36,1aqmhia,1678.7,32,31,0,0.93,Portrait I did,https://reddit.com/r/Watercolor/comments/1aqmhia/portrait_i_did/,https://i.redd.it/kd9knppfvjic1.jpeg,0
37,1kr66eq,1678.3,32,109,7,1.0,"Ink & Wash - Ledbury, Herefordshire",https://reddit.com/r/Watercolor/comments/1kr66eq/ink_wash_ledbury_herefordshire/,https://i.redd.it/q27nl82c5y1f1.jpeg,0
38,1las1cp,1678.2,32,159,11,0.9800000190734863,Finished this little piece! Watercolor with gouache background <3,https://reddit.com/r/Watercolor/comments/1las1cp/finished_this_little_piece_watercolor_with/,https://i.redd.it/nc1gsslnlr6f1.jpeg,0
39,1pul1hk,1677.1,32,79,5,0.9900000095367432,I’m done painting for the year. Here are a few of my favorites watercolors from this year.,https://reddit.com/r/Watercolor/comments/1pul1hk/im_done_painting_for_the_year_here_are_a_few_of/,https://i.redd.it/7molvupux49g1.jpeg,0
40,1fokh25,1677.0,31,101,8,1.0,I hope you like it ,https://reddit.com/r/Watercolor/comments/1fokh25/i_hope_you_like_it/,https://i.redd.it/2ueduvk72tqd1.jpeg,0
41,1ac1wvt,1676.2,29,40,1,0.95,Minor update after a long time,https://reddit.com/r/Watercolor/comments/1ac1wvt/minor_update_after_a_long_time/,https://i.redd.it/xr3qgsttpwec1.jpeg,0
42,1bhtm7l,1674.0,31,20,0,1.0,"Fiona from the Chronicles of Amber, watercolors and color pencils",https://reddit.com/r/Watercolor/comments/1bhtm7l/fiona_from_the_chronicles_of_amber_watercolors/,https://i.redd.it/0ic90vjh34pc1.png,0
43,19eohin,1673.8,31,369,19,1.0,Saved it from the failure pile,https://reddit.com/r/Watercolor/comments/19eohin/saved_it_from_the_failure_pile/,https://i.redd.it/73yoqxu6tfec1.jpeg,0
44,1pfns79,1673.2,32,38,2,0.9599999785423279,Koi fish,https://reddit.com/r/Watercolor/comments/1pfns79/koi_fish/,https://i.redd.it/jm5htla0rk5g1.jpeg,0
45,1ael7fc,1669.2,31,20,0,1.0,Mountain Cabin - two versions,https://reddit.com/r/Watercolor/comments/1ael7fc/mountain_cabin_two_versions/,https://preview.redd.it/7tptgu7czjfc1.jpg?width=4932&format=pjpg&auto=webp&s=41a343507f9fc25c4a4db29c0bea4bf808a7e2ad,0
46,1ozump9,1669.0,31,339,25,0.9900000095367432,Went wild with the masking fluid this time,https://reddit.com/r/Watercolor/comments/1ozump9/went_wild_with_the_masking_fluid_this_time/,https://i.redd.it/788c58479w1g1.jpeg,0
47,1p7885p,1668.2,32,57,1,1.0,Pink Roses,https://reddit.com/r/Watercolor/comments/1p7885p/pink_roses/,https://i.redd.it/iwebti57wl3g1.jpeg,0
48,1bi7sap,1659.8,32,673,1,1.0,True Blue ,https://reddit.com/r/Watercolor/comments/1bi7sap/true_blue/,https://i.redd.it/o8hfhb8xx6pc1.jpeg,0
49,1pv6x71,1656.2,32,482,7,1.0,"Watercolor painting of the Trevi Fountain, Rome",https://reddit.com/r/Watercolor/comments/1pv6x71/watercolor_painting_of_the_trevi_fountain_rome/,https://i.redd.it/5z189hiola9g1.jpeg,0
50,1b5nq9t,1656.0,32,62,2,1.0,a landscape,https://reddit.com/r/Watercolor/comments/1b5nq9t/a_landscape/,https://i.redd.it/fe8qsxreu5mc1.jpeg,0
51,1bb075x,1654.2,32,70,2,1.0,Be safe in the sea of karma #2,https://reddit.com/r/Watercolor/comments/1bb075x/be_safe_in_the_sea_of_karma_2/,https://i.redd.it/p0cqdb0ecfnc1.jpeg,0
52,1ip2mtk,1651.9,30,80,18,0.9900000095367432,Latest watercolor- trying some pouring and a much looser vibe. What do you think?,https://reddit.com/r/Watercolor/comments/1ip2mtk/latest_watercolor_trying_some_pouring_and_a_much/,https://i.redd.it/i42srzqm91je1.jpeg,0
53,1kyy1du,1651.5,24,37,2,0.949999988079071,Lydia Mei - Still-life with Samovar (1949),https://reddit.com/r/Watercolor/comments/1kyy1du/lydia_mei_stilllife_with_samovar_1949/,https://i.redd.it/trr55fcjev3f1.jpeg,0
54,1kswegd,1651.4,32,179,14,0.9900000095367432,Any critiques?,https://reddit.com/r/Watercolor/comments/1kswegd/any_critiques/,https://i.redd.it/54r8mw1gad2f1.jpeg,0
55,1m2aj4q,1648.5,32,309,9,0.9900000095367432,I’ve been working at watercolor for about 6 months now and I’m starting to be really happy with my work :),https://reddit.com/r/Watercolor/comments/1m2aj4q/ive_been_working_at_watercolor_for_about_6_months/,https://preview.redd.it/8aji3f24dgdf1.jpg?width=4284&format=pjpg&auto=webp&s=5628c9889ff2180a776863e19e254dc97a6c5eb6,0
56,1jtmx2q,1647.6,32,75,1,0.9900000095367432,Theater in Finland.,https://reddit.com/r/Watercolor/comments/1jtmx2q/theater_in_finland/,https://i.redd.it/lqk14hobdfte1.jpeg,0
57,1fi3vvf,1647.1,31,635,48,0.9900000095367432,Whispers of a Forgotten Shore,https://reddit.com/r/Watercolor/comments/1fi3vvf/whispers_of_a_forgotten_shore/,https://i.redd.it/w72s49n256pd1.jpeg,0
58,1inska3,1646.1,31,551,14,0.9900000095367432,Portrait I did,https://reddit.com/r/Watercolor/comments/1inska3/portrait_i_did/,https://i.redd.it/4gp55d3j1qie1.jpeg,0
59,1evnnnf,1646.0,31,33,1,0.949999988079071,The Cupboard ,https://reddit.com/r/Watercolor/comments/1evnnnf/the_cupboard/,https://i.redd.it/xuxl7eacfijd1.jpeg,0
60,191hthw,1645.2,31,107,5,0.99,painted another cat with a job!!,https://reddit.com/r/Watercolor/comments/191hthw/painted_another_cat_with_a_job/,https://i.redd.it/sksk0y3ew6bc1.png,0
61,195urgo,1644.6,31,319,27,0.98,Subway 6x8in on cold press,https://reddit.com/r/Watercolor/comments/195urgo/subway_6x8in_on_cold_press/,https://i.redd.it/zunyhgfy49cc1.jpeg,0
62,193wb3r,1641.9,29,21,0,0.96,"Took a long break again, but happy to be back at it, even for a short while.",https://reddit.com/r/Watercolor/comments/193wb3r/took_a_long_break_again_but_happy_to_be_back_at/,https://i.imgur.com/MTTLZcz.jpg,0
63,1nygycm,1641.4,31,379,6,1.0,"plein air at Chinatown , Singapore",https://reddit.com/r/Watercolor/comments/1nygycm/plein_air_at_chinatown_singapore/,https://preview.redd.it/98j4zit9n8tf1.jpg?width=3884&format=pjpg&auto=webp&s=3720db34d0b50b66772e9494bed2f0e3ad5beb88,0
64,1ejk9nl,1640.5,31,250,13,0.9800000190734863,Portraits of my Daughters ,https://reddit.com/r/Watercolor/comments/1ejk9nl/portraits_of_my_daughters/,https://preview.redd.it/fl1am6zn2kgd1.jpg?width=3007&format=pjpg&auto=webp&s=677bba2a5705b2ae0554573ddd68f37fb771eb1f,0
65,1djgq5p,1638.0,31,82,2,1.0,"Lemon watercolour painting, 30x40cm. #watercolor #painting #summee",https://reddit.com/r/Watercolor/comments/1djgq5p/lemon_watercolour_painting_30x40cm_watercolor/,https://i.redd.it/asmz2o7bji7d1.jpeg,0
66,1gr4f7d,1637.5,31,114,4,1.0,"Made this Haunted House last Halloween. Watercolors on chitrapat rough, 440gsm paper.",https://reddit.com/r/Watercolor/comments/1gr4f7d/made_this_haunted_house_last_halloween/,https://i.redd.it/he2ij7sm9v0e1.jpeg,0
67,1ow8nfn,1637.5,31,47,4,1.0,"Bird of Paradise - 44""x 30""",https://reddit.com/r/Watercolor/comments/1ow8nfn/bird_of_paradise_44x_30/,https://i.redd.it/ey95a55og21g1.jpeg,0
68,1hyxc6v,1637.3,29,191,10,0.9800000190734863,Parrot tulip,https://reddit.com/r/Watercolor/comments/1hyxc6v/parrot_tulip/,https://i.redd.it/9vch5ww6ndce1.jpeg,0
69,1g1ca3e,1636.8,31,101,6,0.9800000190734863,church in Finland,https://reddit.com/r/Watercolor/comments/1g1ca3e/church_in_finland/,https://i.redd.it/abhegnmp95ud1.jpeg,0
70,1h6fc9q,1636.0,31,679,20,1.0,De Anza Morning 11x15 watercolor 140lb cp ,https://reddit.com/r/Watercolor/comments/1h6fc9q/de_anza_morning_11x15_watercolor_140lb_cp/,https://i.redd.it/3qbdnalext4e1.jpeg,0
71,1mqambv,1632.1,30,103,31,0.9900000095367432,Ink and Watercolor House Portraits from last few months. How can I improve?,https://reddit.com/r/Watercolor/comments/1mqambv/ink_and_watercolor_house_portraits_from_last_few/,https://preview.redd.it/2gitd77id1jf1.jpg?width=4094&format=pjpg&auto=webp&s=443dfe3a8a83ad453ae0f5425cdb251361c8b8d9,0
72,1k2qbgb,1632.0,31,48,2,0.9900000095367432,Fruits ninja 🥷,https://reddit.com/r/Watercolor/comments/1k2qbgb/fruits_ninja/,https://i.redd.it/r4hv1cw3oqve1.jpeg,0
73,1pw6u0u,1631.9,31,99,8,1.0,Bird great tit - my watercolor painting,https://reddit.com/r/Watercolor/comments/1pw6u0u/bird_great_tit_my_watercolor_painting/,https://preview.redd.it/72rrh2regk9g1.jpg?width=1000&format=pjpg&auto=webp&s=0e664ec5319190ed578ffc580e7bc9006458f6f3,0
74,1g7ms1s,1629.3,30,191,26,0.9900000095367432,I think I'm done with the flowers and leaves. I would really appreciate some feedback and maybe some suggestions for a background. ,https://reddit.com/r/Watercolor/comments/1g7ms1s/i_think_im_done_with_the_flowers_and_leaves_i/,https://i.redd.it/2hdyjg563tvd1.jpeg,0
75,1kiowkk,1625.5,32,29,4,1.0,18cm x 26cm lake reflections,https://reddit.com/r/Watercolor/comments/1kiowkk/18cm_x_26cm_lake_reflections/,https://i.redd.it/dl0fs677psze1.jpeg,0
76,1ccstpb,1624.8,30,795,18,0.99,Another one Cat in the meadow,https://reddit.com/r/Watercolor/comments/1ccstpb/another_one_cat_in_the_meadow/,https://i.redd.it/87kfpkkeumwc1.jpeg,0
77,1f5zc04,1621.1,32,44,2,0.9800000190734863,"Afternoon in the Outer Aves, take 2",https://reddit.com/r/Watercolor/comments/1f5zc04/afternoon_in_the_outer_aves_take_2/,https://i.redd.it/qeqyiasvs2md1.jpeg,0
78,1hjzsz8,1619.9,32,42,1,1.0,"Tatra Mountains, Poland, 42x30 cm",https://reddit.com/r/Watercolor/comments/1hjzsz8/tatra_mountains_poland_42x30_cm/,https://i.redd.it/c6w4fxtxwe8e1.jpeg,0
79,1dmmfmr,1618.7,27,74,13,0.99,Alice: Madness Returns Fanart,https://reddit.com/r/Watercolor/comments/1dmmfmr/alice_madness_returns_fanart/,https://i.redd.it/24ei2av1sb8d1.jpeg,0
80,1o517xj,1618.4,32,71,5,1.0,Grand Tetons,https://reddit.com/r/Watercolor/comments/1o517xj/grand_tetons/,https://i.redd.it/i470vk790ruf1.jpeg,0
81,1mdwgsl,1617.9,30,27,2,0.9700000286102295,Aquarell beginner,https://reddit.com/r/Watercolor/comments/1mdwgsl/aquarell_beginner/,https://i.redd.it/clbdhafypkff1.jpeg,0
82,1gve5u6,1617.8,32,130,6,0.9900000095367432,night view of Yacht port ,https://reddit.com/r/Watercolor/comments/1gve5u6/night_view_of_yacht_port/,https://i.redd.it/wzay1ueeoy1e1.jpeg,0
83,1lef0v2,1614.8,32,33,20,0.8600000143051147,"Scared to find out this ""watercolor"" print is actually Ai.",https://reddit.com/r/Watercolor/comments/1lef0v2/scared_to_find_out_this_watercolor_print_is/,https://i.redd.it/3gwo2vptbo7f1.png,0
84,1b6fcnr,1614.5,31,668,40,1.0,I love painting wrinkles,https://reddit.com/r/Watercolor/comments/1b6fcnr/i_love_painting_wrinkles/,https://i.redd.it/o59i75ejhcmc1.jpeg,0
85,1afzlcg,1613.4,30,88,4,1.0,Robert Wade - Watercolour Artist,https://reddit.com/r/Watercolor/comments/1afzlcg/robert_wade_watercolour_artist/,https://preview.redd.it/fd7gxb4htvfc1.jpg?width=960&format=pjpg&auto=webp&s=5460555457a4f7c4f7052cee6aac42580b2f672b,0
86,1ixzgdz,1612.5,31,58,7,0.9800000190734863,Still Life with apples. Quick painting sketch,https://reddit.com/r/Watercolor/comments/1ixzgdz/still_life_with_apples_quick_painting_sketch/,https://i.redd.it/hq4jq70tdble1.jpeg,0
87,1fbofp6,1612.0,32,328,34,0.9700000286102295,Black man ,https://reddit.com/r/Watercolor/comments/1fbofp6/black_man/,https://i.redd.it/x636azmx6ind1.jpeg,0
88,1egvgtd,1611.4,31,20,2,1.0,Сanal in a park,https://reddit.com/r/Watercolor/comments/1egvgtd/сanal_in_a_park/,https://i.redd.it/rcxwoqrckwfd1.jpeg,0
89,1o4lcvd,1611.3,31,136,4,0.9900000095367432,🍅 tomato/ watercolor painting/ by me,https://reddit.com/r/Watercolor/comments/1o4lcvd/tomato_watercolor_painting_by_me/,https://i.redd.it/0hm9gflbonuf1.jpeg,0
90,199z352,1611.0,29,20,2,0.95,Portland Head Light,https://reddit.com/r/Watercolor/comments/199z352/portland_head_light/,https://i.redd.it/jdt0lhtb79dc1.jpeg,0
91,1alczmg,1610.2,32,53,2,0.98,"It’s the northern lights, but this time we bring the DRAMA!",https://reddit.com/r/Watercolor/comments/1alczmg/its_the_northern_lights_but_this_time_we_bring/,https://i.redd.it/ays2l1h958hc1.jpeg,0
92,1mhc78m,1609.7,31,1283,26,0.9900000095367432,Splashy portrait,https://reddit.com/r/Watercolor/comments/1mhc78m/splashy_portrait/,https://i.redd.it/zbcrnj0yyzgf1.jpeg,0
93,1n9c60p,1609.0,31,153,2,1.0,"Colorado, 5x7",https://reddit.com/r/Watercolor/comments/1n9c60p/colorado_5x7/,https://i.redd.it/w2wzdgc6xdnf1.jpeg,0
94,1kwq0wx,1607.6,31,22,4,0.8999999761581421,two redbirds,https://reddit.com/r/Watercolor/comments/1kwq0wx/two_redbirds/,https://i.redd.it/yd0os3zwdc3f1.jpeg,0
95,1lrr6lx,1605.6,31,906,36,1.0,Watercolour on Arches paper,https://reddit.com/r/Watercolor/comments/1lrr6lx/watercolour_on_arches_paper/,https://i.redd.it/fml9o3b1swaf1.jpeg,0
96,1dlcqjl,1605.5,31,96,7,0.97,My newest :),https://reddit.com/r/Watercolor/comments/1dlcqjl/my_newest/,https://i.redd.it/6qut5nkhaz7d1.jpeg,0
97,1as7h49,1605.0,32,54,1,0.97,Mountain peaks,https://reddit.com/r/Watercolor/comments/1as7h49/mountain_peaks/,https://i.redd.it/bcxnmnoqyxic1.jpeg,0
98,1atrowo,1603.5,31,61,5,1.0,The royal exhibition centre and Hochgurtel fountain,https://reddit.com/r/Watercolor/comments/1atrowo/the_royal_exhibition_centre_and_hochgurtel/,https://i.redd.it/75c2yds6tbjc1.jpeg,0
99,1gjqndl,1602.8,32,385,13,1.0,Small watercolour study,https://reddit.com/r/Watercolor/comments/1gjqndl/small_watercolour_study/,https://i.redd.it/wfnwavaijyyd1.jpeg,0
100,1d4wm9x,1602.2,29,374,8,1.0,Good morning green,https://reddit.com/r/Watercolor/comments/1d4wm9x/good_morning_green/,https://i.redd.it/ytuf5l5lsr3d1.jpeg,0
101,1ak9iwl,1600.8,22,333,8,0.99,A sketch I made for a larger painting of some folks at the park,https://reddit.com/r/Watercolor/comments/1ak9iwl/a_sketch_i_made_for_a_larger_painting_of_some/,https://preview.redd.it/bjoxra5rtygc1.jpg?width=1440&format=pjpg&auto=webp&s=ea1208e0b348811bfcb2f80563a355cdcca81e5c,0
102,1czoq9k,1599.5,31,565,17,1.0,Sunset lake watercolor painting,https://reddit.com/r/Watercolor/comments/1czoq9k/sunset_lake_watercolor_painting/,https://i.redd.it/29ez48ibhe2d1.jpeg,0
103,1jeufiw,1597.7,30,1213,44,1.0,I painted someone eating pho at night in watercolor,https://reddit.com/r/Watercolor/comments/1jeufiw/i_painted_someone_eating_pho_at_night_in/,https://i.redd.it/ql3x5nohpmpe1.jpeg,0
104,1el2nls,1596.1,8,2479,124,0.9900000095367432,It’s been 2 weeks since I’ve been able to sit down to paint and this was exactly what I needed this Monday afternoon 🌺🩷,https://reddit.com/r/Watercolor/comments/1el2nls/its_been_2_weeks_since_ive_been_able_to_sit_down/,https://i.redd.it/6szrtx39kxgd1.jpeg,0
105,1eme1er,1594.6,28,33,3,0.97,Cozy alley,https://reddit.com/r/Watercolor/comments/1eme1er/cozy_alley/,https://i.redd.it/14c2xiu1b9hd1.jpeg,0
106,1chjes0,1593.7,32,65,1,0.98,Bright florals,https://reddit.com/r/Watercolor/comments/1chjes0/bright_florals/,https://i.redd.it/n8610tlorsxc1.png,0
107,1fbjlt4,1592.3,22,42,2,1.0,First ink - feedback wanted,https://reddit.com/r/Watercolor/comments/1fbjlt4/first_ink_feedback_wanted/,https://i.redd.it/lqwvc3xpwgnd1.png,0
108,1cyeiac,1592.2,32,38,1,0.96,Updated Phoenix 🐦‍🔥,https://reddit.com/r/Watercolor/comments/1cyeiac/updated_phoenix/,https://i.redd.it/m2gojn5qa22d1.jpeg,0
109,1c7c69h,1591.0,30,40,3,0.94,Rowdy The Corgi by Kelsey Lovelle (Me!),https://reddit.com/r/Watercolor/comments/1c7c69h/rowdy_the_corgi_by_kelsey_lovelle_me/,https://i.redd.it/qweel2h7havc1.jpeg,0
110,1dj1vfy,1589.6,32,83,3,0.98,Painting of my dad and lil bro.,https://reddit.com/r/Watercolor/comments/1dj1vfy/painting_of_my_dad_and_lil_bro/,https://i.redd.it/j12t4di3de7d1.jpeg,0
111,1akm247,1589.5,28,40,6,0.97,"View from Komagatake, 1928 Artist: Hiroshi Yoshida",https://reddit.com/r/Watercolor/comments/1akm247/view_from_komagatake_1928_artist_hiroshi_yoshida/,https://i.redd.it/undoofucf1hc1.jpeg,0
112,1b0riyf,1588.5,30,55,1,0.99,River Memory,https://reddit.com/r/Watercolor/comments/1b0riyf/river_memory/,https://i.redd.it/h31w9u02nzkc1.jpeg,0
113,1jrpoqj,1587.8,32,34,2,0.9300000071525574,"A cat I painted, watercolor on paper",https://reddit.com/r/Watercolor/comments/1jrpoqj/a_cat_i_painted_watercolor_on_paper/,https://i.redd.it/08p0dje3jwse1.jpeg,0
114,1bgbakl,1586.3,31,88,4,1.0,Watercolour on Fabriano Paper ,https://reddit.com/r/Watercolor/comments/1bgbakl/watercolour_on_fabriano_paper/,https://i.redd.it/mlim2lwwdqoc1.jpeg,0
115,1igvq7l,1586.3,31,128,48,0.9399999976158142,What do you feel when you look at this painting?,https://reddit.com/r/Watercolor/comments/1igvq7l/what_do_you_feel_when_you_look_at_this_painting/,https://i.redd.it/295o232rtyge1.jpeg,0
116,1kpxvl3,1584.6,31,28,6,0.9700000286102295,Drug this one out of the pile of shame. Trying to salvage it.,https://reddit.com/r/Watercolor/comments/1kpxvl3/drug_this_one_out_of_the_pile_of_shame_trying_to/,https://i.redd.it/j9bbkwsinm1f1.jpeg,0
117,1lz4yh3,1583.7,31,1110,27,0.9900000095367432,"Still getting the hang of watercolor, but I'm seeing improvement!",https://reddit.com/r/Watercolor/comments/1lz4yh3/still_getting_the_hang_of_watercolor_but_im/,https://i.redd.it/7ldqbdo6qpcf1.jpeg,0
118,1cvyhfn,1582.9,30,303,7,1.0,Pierre the Puffin,https://reddit.com/r/Watercolor/comments/1cvyhfn/pierre_the_puffin/,https://i.redd.it/3kxhq5g08g1d1.jpeg,0
119,1afkh9s,1582.6,31,30,2,0.92,Watercolor painting by me,https://reddit.com/r/Watercolor/comments/1afkh9s/watercolor_painting_by_me/,https://i.redd.it/2ttgj504osfc1.png,0
120,1pruhdr,1581.7,28,85,1,1.0,14/100 water color practice,https://reddit.com/r/Watercolor/comments/1pruhdr/14100_water_color_practice/,https://i.redd.it/pc2ctn40pg8g1.png,0
121,1o94wzk,1581.7,29,210,28,0.9900000095367432,"“I think I hate gouache” 10x14, 140/cold",https://reddit.com/r/Watercolor/comments/1o94wzk/i_think_i_hate_gouache_10x14_140cold/,https://preview.redd.it/tqv3nulq0pvf1.jpg?width=1982&format=pjpg&auto=webp&s=d21436b4f60d1bd059bfe064bf08e7fcacda5b7d,0
122,1f2qelt,1580.4,29,34,4,0.9100000262260437,Experiment with black paper,https://reddit.com/r/Watercolor/comments/1f2qelt/experiment_with_black_paper/,https://i.redd.it/1qh4jkdog9ld1.jpeg,0
123,1jckdoz,1580.1,27,171,10,0.9800000190734863,"Turkey Street Scene- Istanbul.  11x15"" original watercolor",https://reddit.com/r/Watercolor/comments/1jckdoz/turkey_street_scene_istanbul_11x15_original/,https://i.redd.it/lcd8m5sep1pe1.jpeg,0
124,1k9hcwb,1579.9,31,866,32,1.0,Sea turtle,https://reddit.com/r/Watercolor/comments/1k9hcwb/sea_turtle/,https://preview.redd.it/kaoq5shbngxe1.jpg?width=2809&format=pjpg&auto=webp&s=a84276d35970fa38f4902c9ad3bf34e81647f7f5,0
125,1oauz6n,1579.5,29,26,3,1.0,Neighborhood tree 🍂,https://reddit.com/r/Watercolor/comments/1oauz6n/neighborhood_tree/,https://i.redd.it/tmvipa4mo3wf1.jpeg,0
126,1bbzij7,1579.5,32,28,1,1.0,Portrait(watercolor),https://reddit.com/r/Watercolor/comments/1bbzij7/portraitwatercolor/,https://preview.redd.it/xnw6dssagonc1.jpg?width=986&format=pjpg&auto=webp&s=abe6c673727dfd7c4d94542484e93da0a59109d6,0
127,1nstwso,1579.5,31,28,2,0.9800000190734863,Paintings I did over the weekend,https://reddit.com/r/Watercolor/comments/1nstwso/paintings_i_did_over_the_weekend/,https://preview.redd.it/syewvignvxrf1.jpg?width=2802&format=pjpg&auto=webp&s=8d5fcc670f1a3ccd79203c7806a430317120449a,0
128,1kjuxu2,1577.7,31,60,1,0.9800000190734863,Downtown,https://reddit.com/r/Watercolor/comments/1kjuxu2/downtown/,https://i.redd.it/hee4iivmp30f1.jpeg,0
129,1e8xgwg,1577.4,31,259,10,0.99,Pink Flowers,https://reddit.com/r/Watercolor/comments/1e8xgwg/pink_flowers/,https://i.redd.it/wm8rsenfzxdd1.jpeg,0
130,1mvvzjp,1576.7,27,2190,47,0.9900000095367432,Did a tutorial,https://reddit.com/r/Watercolor/comments/1mvvzjp/did_a_tutorial/,https://i.redd.it/vuo7veemm9kf1.jpeg,0
131,1ltbzb0,1576.0,28,102,19,0.9800000190734863,Timelapse of my most recent 8x10 watercolor painting! Enjoy!,https://reddit.com/r/Watercolor/comments/1ltbzb0/timelapse_of_my_most_recent_8x10_watercolor/,https://external-preview.redd.it/ejdiZHE0aHJpYmJmMXLbeJgATuev8D0xHEe8QTiFzc0bNaC9CJYl03r4_vLu.png?format=pjpg&auto=webp&s=71074a7408a720790c9bc130c26ecd7f1ca04913,0
132,1el8mg4,1576.0,29,462,35,0.9900000095367432,Quick painting on my sketchbook,https://reddit.com/r/Watercolor/comments/1el8mg4/quick_painting_on_my_sketchbook/,https://i.redd.it/r16nvqfa0zgd1.jpeg,0
133,1lk56ru,1575.7,31,275,21,1.0,I tried to catch the morning sunlight through the trees,https://reddit.com/r/Watercolor/comments/1lk56ru/i_tried_to_catch_the_morning_sunlight_through_the/,https://i.redd.it/gc6oaa06o29f1.jpeg,0
134,1c9g990,1572.9,29,1534,74,0.99,Light and shadow practice  ,https://reddit.com/r/Watercolor/comments/1c9g990/light_and_shadow_practice/,https://i.redd.it/qrgyfwe8ptvc1.png,0
135,1ggatbh,1571.3,31,21,1,1.0,Still life with fishes and a glass,https://reddit.com/r/Watercolor/comments/1ggatbh/still_life_with_fishes_and_a_glass/,https://i.redd.it/97q21i49e2yd1.jpeg,0
136,1fqa6nb,1570.6,26,2981,60,0.9900000095367432,my game girl watercolor,https://reddit.com/r/Watercolor/comments/1fqa6nb/my_game_girl_watercolor/,https://preview.redd.it/ikln068sn8rd1.jpg?width=2891&format=pjpg&auto=webp&s=ccddfd33f7bc08a2b19bc8b4b7d1d413fdba025e,0
137,1ahieyy,1570.4,30,1351,51,0.97,You all encouraged me to paint more so here’s my latest piece :),https://reddit.com/r/Watercolor/comments/1ahieyy/you_all_encouraged_me_to_paint_more_so_heres_my/,https://i.redd.it/6luvb0jmh9gc1.jpeg,0
138,1ai6udr,1569.3,30,50,0,0.96,The lone lighthouse,https://reddit.com/r/Watercolor/comments/1ai6udr/the_lone_lighthouse/,https://i.redd.it/thnk7gfmvfgc1.jpeg,0
139,1nr2mke,1568.9,28,123,1,1.0,Rocky mount,https://reddit.com/r/Watercolor/comments/1nr2mke/rocky_mount/,https://i.redd.it/6lddd9v3qirf1.jpeg,0
140,1ddyl30,1567.6,30,212,18,1.0,I can never decide if a piece is really finished…,https://reddit.com/r/Watercolor/comments/1ddyl30/i_can_never_decide_if_a_piece_is_really_finished/,https://i.redd.it/ui4ko2cdo26d1.jpeg,0
141,1bh2hpu,1564.8,26,26,0,1.0,wind,https://reddit.com/r/Watercolor/comments/1bh2hpu/wind/,https://i.redd.it/nv1hcj8wdxoc1.jpeg,0
142,1kdqmx0,1564.0,6,192,11,0.9900000095367432,"Boat and rain! Almost finished, but first drops cutted my plein-air :)",https://reddit.com/r/Watercolor/comments/1kdqmx0/boat_and_rain_almost_finished_but_first_drops/,https://i.redd.it/mkk95x9owjye1.png,0
143,1h9v8bk,1563.4,30,306,19,1.0,"Comments under misty pic encouraged me to go for architecture without sketch, just enjoyed the process :D",https://reddit.com/r/Watercolor/comments/1h9v8bk/comments_under_misty_pic_encouraged_me_to_go_for/,https://i.redd.it/5sah05enfp5e1.jpeg,0
144,1asl1mt,1562.4,30,41,4,0.98,Would love some feedback,https://reddit.com/r/Watercolor/comments/1asl1mt/would_love_some_feedback/,https://i.redd.it/2oba69v2t0jc1.jpeg,0
145,1nmxj47,1560.5,30,206,5,1.0,By the lake,https://reddit.com/r/Watercolor/comments/1nmxj47/by_the_lake/,https://i.redd.it/fzs6n05svjqf1.jpeg,0
146,1gbj9qe,1560.4,30,30,2,0.949999988079071,"Coupeville, WA",https://reddit.com/r/Watercolor/comments/1gbj9qe/coupeville_wa/,https://i.redd.it/gx1nlt476twd1.jpeg,0
147,1e4qbgu,1560.4,32,216,6,1.0,Train at the station,https://reddit.com/r/Watercolor/comments/1e4qbgu/train_at_the_station/,https://i.redd.it/goxjfdf47wcd1.jpeg,0
148,191pc0c,1559.4,32,24,1,1.0,"Winter Yosemite Falls 5 x 7"" practice",https://reddit.com/r/Watercolor/comments/191pc0c/winter_yosemite_falls_5_x_7_practice/,https://i.redd.it/8fgqtj6qu8bc1.jpeg,0
149,1m6xgou,1558.6,28,20,2,0.9599999785423279,"Warm, transparent reds recs + critiques",https://reddit.com/r/Watercolor/comments/1m6xgou/warm_transparent_reds_recs_critiques/,https://i.redd.it/zge58zjl8jef1.jpeg,0
150,1pcesad,1557.5,31,288,1,0.9900000095367432,Ink watercolor,https://reddit.com/r/Watercolor/comments/1pcesad/ink_watercolor/,https://i.redd.it/9lm22eo0ut4g1.jpeg,0
151,1g031bz,1556.0,30,282,14,0.9900000095367432,"Soft Mornings. 12x16""",https://reddit.com/r/Watercolor/comments/1g031bz/soft_mornings_12x16/,https://i.redd.it/6mjrr4xfwstd1.jpeg,0
152,1bel09i,1555.5,30,965,47,1.0,"My beagle, a walking vacuum...",https://reddit.com/r/Watercolor/comments/1bel09i/my_beagle_a_walking_vacuum/,https://i.redd.it/q9sa5oezvaoc1.jpeg,0
153,1ark8k9,1555.0,31,27,4,0.92,First time trying to paint a stone wall,https://reddit.com/r/Watercolor/comments/1ark8k9/first_time_trying_to_paint_a_stone_wall/,https://i.redd.it/5xof68v06sic1.jpeg,0
154,1ix15wh,1554.6,31,557,27,0.9900000095367432,An experimental portrait. What do you think?,https://reddit.com/r/Watercolor/comments/1ix15wh/an_experimental_portrait_what_do_you_think/,https://i.redd.it/6flfe36w13le1.jpeg,0
155,1jphi0l,1554.1,25,1927,77,1.0,Feel like I’m finally getting my trees to look the way I want them to.,https://reddit.com/r/Watercolor/comments/1jphi0l/feel_like_im_finally_getting_my_trees_to_look_the/,https://preview.redd.it/s0dqyv701dse1.jpg?width=3024&format=pjpg&auto=webp&s=59d57e94be34bc20587d5fbd1cf4c0bc657e00f0,0
156,1awnbfi,1552.3,32,570,45,0.99,"Sometimes I don’t know when to stop. Sometimes I do, but I’m having too much fun.",https://reddit.com/r/Watercolor/comments/1awnbfi/sometimes_i_dont_know_when_to_stop_sometimes_i_do/,https://preview.redd.it/8zn7cwcp60kc1.jpg?width=1560&format=pjpg&auto=webp&s=b5fad0b8a6388dfaafb7a2e635c453f7ad04de35,0
157,1dkueck,1551.6,31,41,3,0.95,Practicing fire in my sketchbook,https://reddit.com/r/Watercolor/comments/1dkueck/practicing_fire_in_my_sketchbook/,https://i.redd.it/8f9tky1ygu7d1.jpeg,0
158,1d09tkw,1550.5,32,663,23,1.0,"From a hayfield (She was my grand uncle's wife), Zamaliev_Igor, watercolor, 2024",https://reddit.com/r/Watercolor/comments/1d09tkw/from_a_hayfield_she_was_my_grand_uncles_wife/,https://i.redd.it/oshl0ao64k2d1.jpeg,0
159,1phx20b,1550.0,31,773,26,1.0,My favorite restaurant in town.,https://reddit.com/r/Watercolor/comments/1phx20b/my_favorite_restaurant_in_town/,https://i.redd.it/s9wnpdo6k36g1.jpeg,0
160,1eoww78,1549.7,29,84,4,0.9800000190734863,"Mandevilla flowers, watercolor, 9x12",https://reddit.com/r/Watercolor/comments/1eoww78/mandevilla_flowers_watercolor_9x12/,https://i.redd.it/kajwdm1r3vhd1.jpeg,0
161,1hlngnl,1549.6,31,39,3,0.9800000190734863,"King John's hill | Watercolours on Paper | 5""x14""",https://reddit.com/r/Watercolor/comments/1hlngnl/king_johns_hill_watercolours_on_paper_5x14/,https://i.redd.it/r5vqet8rbv8e1.jpeg,0
162,1jvx0k5,1549.3,32,165,3,0.9900000095367432,"""ruin in the woods"" by me",https://reddit.com/r/Watercolor/comments/1jvx0k5/ruin_in_the_woods_by_me/,https://i.redd.it/ukib7b0670ue1.jpeg,0
163,1dvim1f,1548.6,32,87,10,0.9700000286102295,Evening Shdes,https://reddit.com/r/Watercolor/comments/1dvim1f/evening_shdes/,https://i.redd.it/f2kp8mrsrkad1.jpeg,0
164,1c46wu1,1547.3,29,114,6,1.0,Gateway to the Trees,https://reddit.com/r/Watercolor/comments/1c46wu1/gateway_to_the_trees/,https://i.redd.it/d4ovr5euziuc1.png,0
165,1j3noef,1547.3,31,103,6,0.9900000095367432,Velo,https://reddit.com/r/Watercolor/comments/1j3noef/velo/,https://i.redd.it/p4xyvefh2rme1.jpeg,0
166,1jhb3y6,1547.1,29,1185,33,1.0,Poppy,https://reddit.com/r/Watercolor/comments/1jhb3y6/poppy/,https://i.redd.it/i051tznuf9qe1.jpeg,0
167,1annsxc,1545.4,31,25,0,1.0,Tried getting back into using watercolour!,https://reddit.com/r/Watercolor/comments/1annsxc/tried_getting_back_into_using_watercolour/,https://i.redd.it/3acw4mdi4thc1.jpeg,0
168,1dg313o,1544.8,31,27,2,0.97,Time Shared With You made by me,https://reddit.com/r/Watercolor/comments/1dg313o/time_shared_with_you_made_by_me/,https://i.redd.it/czft5x335m6d1.png,0
169,1ish69a,1544.2,27,524,16,0.9900000095367432,Daffodil season,https://reddit.com/r/Watercolor/comments/1ish69a/daffodil_season/,https://i.redd.it/sqzr73wzfxje1.jpeg,0
170,1pnytjk,1544.1,31,482,11,0.9800000190734863,A cute Christmas hedgehog🥳,https://reddit.com/r/Watercolor/comments/1pnytjk/a_cute_christmas_hedgehog/,https://i.redd.it/wry2ex8loj7g1.jpeg,0
171,1py1lgx,1543.6,29,50,6,0.9300000071525574,Crescent. Done by me with ink and watercolors.,https://reddit.com/r/Watercolor/comments/1py1lgx/crescent_done_by_me_with_ink_and_watercolors/,https://preview.redd.it/dk2x524q80ag1.png?width=1000&format=png&auto=webp&s=b9f4b51fc4b946ea7b4c18e2ce88f10c321392c9,0
172,1h8u61v,1543.3,29,280,62,0.9700000286102295,What watercolor seascape painting is your favorite?,https://reddit.com/r/Watercolor/comments/1h8u61v/what_watercolor_seascape_painting_is_your_favorite/,https://preview.redd.it/rz6fl39gxf5e1.jpg?width=2000&format=pjpg&auto=webp&s=5fdd4c18f7b08955321257fa0d08ed1e40037205,0
173,1gaxkgs,1542.9,32,33,8,0.949999988079071,Highlands by me ,https://reddit.com/r/Watercolor/comments/1gaxkgs/highlands_by_me/,https://i.redd.it/dhewqa7gxnwd1.jpeg,0
174,1jl4s6k,1541.6,31,764,25,1.0,Working on getting better at values,https://reddit.com/r/Watercolor/comments/1jl4s6k/working_on_getting_better_at_values/,https://i.redd.it/4tl09xfip8re1.jpeg,0
175,1o1d0mm,1539.5,31,584,18,0.9900000095367432,Going loose on a black cat,https://reddit.com/r/Watercolor/comments/1o1d0mm/going_loose_on_a_black_cat/,https://i.redd.it/bv4dzhiukwtf1.jpeg,0
176,1g73mhm,1539.3,31,78,3,0.9599999785423279,Still a beginner but I'm actually happy with this one,https://reddit.com/r/Watercolor/comments/1g73mhm/still_a_beginner_but_im_actually_happy_with_this/,https://i.redd.it/1doler050ovd1.jpeg,0
177,1aq8oni,1539.3,30,104,5,1.0,My watercolor painting last night,https://reddit.com/r/Watercolor/comments/1aq8oni/my_watercolor_painting_last_night/,https://i.redd.it/jainmyqfyfic1.jpeg,0
178,1hh3uio,1539.3,32,85,3,0.9700000286102295,"Town After Rain, Watercolour, 9 x 11 inches, 2024",https://reddit.com/r/Watercolor/comments/1hh3uio/town_after_rain_watercolour_9_x_11_inches_2024/,https://i.redd.it/o8uv9lesjm7e1.jpeg,0
179,1dej46g,1537.3,30,41,1,0.96,Monastery in Greece watercolor,https://reddit.com/r/Watercolor/comments/1dej46g/monastery_in_greece_watercolor/,https://i.redd.it/r9niy8y4t76d1.jpeg,0
180,1awdx5a,1535.8,31,29,0,0.95,"Tomatoes, OC. ",https://reddit.com/r/Watercolor/comments/1awdx5a/tomatoes_oc/,https://i.redd.it/w2hq6jugcyjc1.jpeg,0
181,1fd3qf6,1535.3,26,22,1,0.9100000262260437,Nocturnes ,https://reddit.com/r/Watercolor/comments/1fd3qf6/nocturnes/,https://i.redd.it/yf7rvbbcbvnd1.jpeg,0
182,1nhb3hr,1535.3,25,808,15,1.0,Sparkling,https://reddit.com/r/Watercolor/comments/1nhb3hr/sparkling/,https://i.redd.it/cgkn7ttcy8pf1.png,0
183,1ozdxkh,1534.3,30,48,4,0.9300000071525574,Vandal!,https://reddit.com/r/Watercolor/comments/1ozdxkh/vandal/,https://i.redd.it/v7drn82kzs1g1.jpeg,0
184,1j835o9,1533.8,30,97,6,0.9900000095367432,"Just an old barn near me, I always love how it sits in the snow of late winter, just so peaceful.",https://reddit.com/r/Watercolor/comments/1j835o9/just_an_old_barn_near_me_i_always_love_how_it/,https://i.redd.it/okbfg46r5wne1.jpeg,0
185,1dojlcx,1533.1,28,35,5,1.0,"Lemons, in Space",https://reddit.com/r/Watercolor/comments/1dojlcx/lemons_in_space/,https://i.redd.it/es12pl68us8d1.jpeg,0
186,1l58pqw,1532.7,12,36,8,0.9200000166893005,Father’s Day painting!,https://reddit.com/r/Watercolor/comments/1l58pqw/fathers_day_painting/,https://preview.redd.it/55ppax5xne5f1.jpg?width=3024&format=pjpg&auto=webp&s=6f06d7a22191c21ff1fdcce2237cc2dbca9165de,0
187,1cv1vdl,1532.0,4,216,15,0.97,Checked out a watercolor instructional book at the library 2 weeks ago - how am I doing?,https://reddit.com/r/Watercolor/comments/1cv1vdl/checked_out_a_watercolor_instructional_book_at/,https://i.redd.it/08zgid7zu71d1.jpeg,0
188,1oe2qgl,1531.5,32,73,3,0.9800000190734863,Watercolor painting of random still life i have laying around,https://reddit.com/r/Watercolor/comments/1oe2qgl/watercolor_painting_of_random_still_life_i_have/,https://i.redd.it/mypap4n81vwf1.jpeg,0
189,1fjbmfx,1531.0,30,338,25,1.0,Today's Practice,https://reddit.com/r/Watercolor/comments/1fjbmfx/todays_practice/,https://i.redd.it/a6f3ybqtufpd1.jpeg,0
190,1bfbqpw,1529.5,30,23,1,1.0,Behold ! The Capricat,https://reddit.com/r/Watercolor/comments/1bfbqpw/behold_the_capricat/,https://i.redd.it/mqr3jgazghoc1.jpeg,0
191,1omgf6m,1529.2,30,63,3,0.9700000286102295,Remembering old times,https://reddit.com/r/Watercolor/comments/1omgf6m/remembering_old_times/,https://i.redd.it/2tytdgylbuyf1.jpeg,0
192,1dbespi,1527.4,30,45,5,1.0,Untitled #1 ,https://reddit.com/r/Watercolor/comments/1dbespi/untitled_1/,https://i.redd.it/40ebfxa7ef5d1.jpeg,0
193,1b5rx7e,1526.4,30,34,1,1.0,Mushroom Log :),https://reddit.com/r/Watercolor/comments/1b5rx7e/mushroom_log/,https://i.redd.it/stz9da87o6mc1.jpeg,0
194,1mznl0t,1525.6,29,36,3,0.9399999976158142,A small free-flowing flower,https://reddit.com/r/Watercolor/comments/1mznl0t/a_small_freeflowing_flower/,https://i.redd.it/z05kd3z7f5lf1.jpeg,0
195,1jcrfbv,1525.1,32,121,2,1.0,What I painted today,https://reddit.com/r/Watercolor/comments/1jcrfbv/what_i_painted_today/,https://preview.redd.it/6jeli1bbc3pe1.jpg?width=3840&format=pjpg&auto=webp&s=62f8c17c3966680cee9a51890b4640b9185e3fbd,0
196,1l8621m,1524.7,29,67,1,0.9700000286102295,Line & Wash of a Vintage Downtown,https://reddit.com/r/Watercolor/comments/1l8621m/line_wash_of_a_vintage_downtown/,https://i.redd.it/mtoefzgu556f1.jpeg,0
197,1gjw23q,1522.1,31,39,5,1.0,Trident Maple bonsai,https://reddit.com/r/Watercolor/comments/1gjw23q/trident_maple_bonsai/,https://i.redd.it/szvx02gtrzyd1.jpeg,0
198,1fm3p2r,1520.6,25,215,2,0.9900000095367432,Grandparents and kids,https://reddit.com/r/Watercolor/comments/1fm3p2r/grandparents_and_kids/,https://i.redd.it/6206ixvc56qd1.jpeg,0
199,1o9ltji,1520.5,31,25,2,1.0,"Harvard Coop, Cambridge",https://reddit.com/r/Watercolor/comments/1o9ltji/harvard_coop_cambridge/,https://i.redd.it/q2pqh9oamsvf1.jpeg,0
200,1j4ndn0,1520.3,31,25,4,0.949999988079071,How can I improve?,https://reddit.com/r/Watercolor/comments/1j4ndn0/how_can_i_improve/,https://preview.redd.it/myyh5kzoyzme1.png?width=1080&format=png&auto=webp&s=71487cc8d59d2c54439af3e69e757fab2f2f0ac0,0
201,1fd4931,1520.1,32,58,4,1.0,Did a Louise De Masi tutorial on YouTube,https://reddit.com/r/Watercolor/comments/1fd4931/did_a_louise_de_masi_tutorial_on_youtube/,https://i.redd.it/q2v12lusfvnd1.jpeg,0
202,1eudtp0,1519.5,31,102,11,0.9900000095367432,What’s your best advice for painting houses/buildings?,https://reddit.com/r/Watercolor/comments/1eudtp0/whats_your_best_advice_for_painting/,https://i.redd.it/4vtvizbf27jd1.jpeg,0
203,1f0wwxr,1518.6,31,81,3,0.9900000095367432,Trenitalia passing by,https://reddit.com/r/Watercolor/comments/1f0wwxr/trenitalia_passing_by/,https://i.redd.it/dajwmsk3gtkd1.jpeg,0
204,1px679w,1517.6,31,105,2,0.9800000190734863,Ford,https://reddit.com/r/Watercolor/comments/1px679w/ford/,https://i.redd.it/zpxkftk8ss9g1.jpeg,0
205,1k75kua,1517.6,29,37,3,0.9700000286102295,Portrait sketch,https://reddit.com/r/Watercolor/comments/1k75kua/portrait_sketch/,https://i.redd.it/3invfhk32vwe1.jpeg,0
206,1fm4ypj,1517.4,29,37,1,0.9599999785423279,Portrait of my friend and her cat :),https://reddit.com/r/Watercolor/comments/1fm4ypj/portrait_of_my_friend_and_her_cat/,https://i.redd.it/sukh6kp0g6qd1.jpeg,0
207,1o4dztc,1517.2,31,131,7,1.0,so I painted this cute little guy,https://reddit.com/r/Watercolor/comments/1o4dztc/so_i_painted_this_cute_little_guy/,https://i.redd.it/4isahizwgluf1.jpeg,0
208,1ku8idw,1516.2,29,734,16,1.0,I made postcards with my paintings,https://reddit.com/r/Watercolor/comments/1ku8idw/i_made_postcards_with_my_paintings/,https://i.redd.it/ok44h712jp2f1.jpeg,0
209,19bm5em,1515.8,31,25,4,0.93,cat painting for a friend of mine,https://reddit.com/r/Watercolor/comments/19bm5em/cat_painting_for_a_friend_of_mine/,https://i.redd.it/v3fyhk0tvndc1.jpeg,0
210,1aq6cyb,1514.5,31,53,2,0.99,"From Above, Michael Mikolon, Watercolor, 2024",https://reddit.com/r/Watercolor/comments/1aq6cyb/from_above_michael_mikolon_watercolor_2024/,https://i.redd.it/nl0ivdp2hfic1.png,0
211,1ng6mq8,1513.9,31,207,8,0.9900000095367432,"From my sketch book, a recently visited lake",https://reddit.com/r/Watercolor/comments/1ng6mq8/from_my_sketch_book_a_recently_visited_lake/,https://i.redd.it/l47vncahizof1.jpeg,0
212,1hvjbak,1512.9,31,1684,46,0.9900000095367432,Just finished. ,https://reddit.com/r/Watercolor/comments/1hvjbak/just_finished/,https://i.redd.it/lcqp0ut61ibe1.jpeg,0
213,1nbvhor,1510.8,29,276,18,0.9900000095367432,My today's work,https://reddit.com/r/Watercolor/comments/1nbvhor/my_todays_work/,https://i.redd.it/kmul5t4igznf1.jpeg,0
214,1ae6n6a,1510.8,28,171,8,0.99,A Cat House. Watercolour and pen by me.,https://reddit.com/r/Watercolor/comments/1ae6n6a/a_cat_house_watercolour_and_pen_by_me/,https://preview.redd.it/bmn19tsa5gfc1.jpg?width=1440&format=pjpg&auto=webp&s=ea91fcac107381db87e66c011f3ac464fd4c4949,0
215,1pypc44,1510.5,31,1842,39,1.0,Watercolor cat portrait — Donny Raina,https://reddit.com/r/Watercolor/comments/1pypc44/watercolor_cat_portrait_donny_raina/,https://i.redd.it/pybuprccx5ag1.jpeg,0
216,1ibcvxq,1510.4,31,48,5,0.9800000190734863,"Pink Tulips, watercolor",https://reddit.com/r/Watercolor/comments/1ibcvxq/pink_tulips_watercolor/,https://i.redd.it/ucfz62wbakfe1.jpeg,0
217,1ouqojy,1510.3,31,148,11,0.9900000095367432,Rainy day walk,https://reddit.com/r/Watercolor/comments/1ouqojy/rainy_day_walk/,https://preview.redd.it/ic16pfrj1q0g1.jpg?width=2098&format=pjpg&auto=webp&s=f85efd7ed76faa5079cb9ff82e3618fee863d03f,0
218,1lhvun0,1509.4,30,23,3,0.9599999785423279,Tested new set of colors,https://reddit.com/r/Watercolor/comments/1lhvun0/tested_new_set_of_colors/,https://i.redd.it/cytrelzo1j8f1.jpeg,0
219,1lfsu1s,1509.3,31,63,2,0.9800000190734863,"Oh, to be a little guy looking over his kingdom.",https://reddit.com/r/Watercolor/comments/1lfsu1s/oh_to_be_a_little_guy_looking_over_his_kingdom/,https://i.redd.it/imut2piitz7f1.jpeg,0
220,1m33xgp,1508.1,26,35,1,1.0,Watercolor Sketchbook [11/17],https://reddit.com/r/Watercolor/comments/1m33xgp/watercolor_sketchbook_1117/,https://preview.redd.it/ixxfcjgg8ndf1.jpg?width=1080&format=pjpg&auto=webp&s=d1c9dbe21b5a59c55f93e5745807d516d087afaf,0
221,1lnt7g3,1507.1,30,194,11,0.9900000095367432,New to watercolor. Any advice?,https://reddit.com/r/Watercolor/comments/1lnt7g3/new_to_watercolor_any_advice/,https://i.redd.it/bri0slf9ey9f1.jpeg,0
222,1he4hrk,1506.0,30,26,1,0.949999988079071,Bumblebee Visitor ,https://reddit.com/r/Watercolor/comments/1he4hrk/bumblebee_visitor/,https://i.redd.it/ww3e1ot3vt6e1.jpeg,0
223,1fyeiqs,1503.9,26,1643,43,1.0,Watercolor painting,https://reddit.com/r/Watercolor/comments/1fyeiqs/watercolor_painting/,https://i.redd.it/hplirjxhldtd1.jpeg,0
224,1kf6wm6,1503.9,30,162,17,1.0,"jasmine, watercolor, me",https://reddit.com/r/Watercolor/comments/1kf6wm6/jasmine_watercolor_me/,https://preview.redd.it/8v69tkmrgxye1.jpg?width=3840&format=pjpg&auto=webp&s=2c7c77ee450b275671fc376b9ed9acce70da1fc7,0
225,1gsbxsk,1503.6,30,523,22,0.9900000095367432,Beach shack in watercolour ,https://reddit.com/r/Watercolor/comments/1gsbxsk/beach_shack_in_watercolour/,https://i.redd.it/bwrk1076z51e1.jpeg,0
226,1bd4mhw,1503.6,29,41,11,1.0,Is she done? I can’t stop working on her!,https://reddit.com/r/Watercolor/comments/1bd4mhw/is_she_done_i_cant_stop_working_on_her/,https://preview.redd.it/1pap5p6i5ync1.jpg?width=3024&format=pjpg&auto=webp&s=a4f63c61cad813f78991f8a03dfc7cd4c5da6786,0
227,1cmece0,1502.7,30,49,4,0.95,Witch-alder (fothergilla) in watercolor & ink,https://reddit.com/r/Watercolor/comments/1cmece0/witchalder_fothergilla_in_watercolor_ink/,https://i.redd.it/yjvdzspvt0zc1.jpeg,0
228,1esz4sa,1502.2,30,371,30,0.9900000095367432,Background Help,https://reddit.com/r/Watercolor/comments/1esz4sa/background_help/,https://preview.redd.it/bmy2v4elquid1.jpg?width=2356&format=pjpg&auto=webp&s=de5bd7865ce9d35d0c54bac908b4b4c7c96900da,0
229,1bfraw0,1500.8,12,121,7,1.0,Spring flowers in watercolour semi loose style. :),https://reddit.com/r/Watercolor/comments/1bfraw0/spring_flowers_in_watercolour_semi_loose_style/,https://i.redd.it/18npq49lxkoc1.jpeg,0
230,1ot2mw5,1500.4,27,32,6,0.9700000286102295,Seabed,https://reddit.com/r/Watercolor/comments/1ot2mw5/seabed/,https://i.redd.it/slyh36qjgc0g1.png,0
231,1pbuycm,1500.0,0,69,3,0.9700000286102295,My original watercolors transformed into holiday greeting cards,https://reddit.com/r/Watercolor/comments/1pbuycm/my_original_watercolors_transformed_into_holiday/,https://preview.redd.it/8dp8uhn6zo4g1.jpg?width=3024&format=pjpg&auto=webp&s=68fc0fd39e34b2eba74cdbb1980e70f6d675aa33,0
232,1gx719a,1500.0,0,26,31,0.8600000143051147,What pens do you use?,https://reddit.com/r/Watercolor/comments/1gx719a/what_pens_do_you_use/,https://i.redd.it/vr8ai9zv8g2e1.jpeg,0
233,1m33n81,1500.0,0,1001,24,1.0,Blueberry King,https://reddit.com/r/Watercolor/comments/1m33n81/blueberry_king/,https://i.redd.it/08al2n7k6ndf1.jpeg,0
234,1m13lqm,1500.0,0,25,3,1.0,First complete landscape,https://reddit.com/r/Watercolor/comments/1m13lqm/first_complete_landscape/,https://preview.redd.it/2yms9cr416df1.jpg?width=4284&format=pjpg&auto=webp&s=9f36bce491f571150abf12b96f7f989a019d7a94,0
235,1ht62tz,1500.0,0,189,9,0.9900000095367432,Painted my mom's cats for Christmas,https://reddit.com/r/Watercolor/comments/1ht62tz/painted_my_moms_cats_for_christmas/,https://preview.redd.it/6ufo40p3kwae1.jpg?width=3072&format=pjpg&auto=webp&s=27baa02965b0da6e70d0258944c9bfafeb0484fe,0
236,1pwe2o9,1500.0,0,20,34,0.8899999856948853,Need advice do I get a pallet or leave them in the tubes?,https://reddit.com/r/Watercolor/comments/1pwe2o9/need_advice_do_i_get_a_pallet_or_leave_them_in/,https://i.redd.it/s378si2ayl9g1.jpeg,0
237,1ffzzat,1500.0,0,32,1,0.9800000190734863,red onion,https://reddit.com/r/Watercolor/comments/1ffzzat/red_onion/,https://external-preview.redd.it/dzByeGI4NXR6bG9kMe6oxvZxZnae5wNnXxNB_0Hi-MgpuKpIJfbEOwpeRtLL.png?format=pjpg&auto=webp&s=61e498dd4c6d5ad794705c079a7715dd6af4dc98,0
238,1l40qz1,1500.0,0,27,4,0.9399999976158142,Beginner (1st day),https://reddit.com/r/Watercolor/comments/1l40qz1/beginner_1st_day/,https://i.redd.it/p6v0667md45f1.jpeg,0
239,1fig5bd,1500.0,0,31,2,0.8999999761581421,What started as an urban sketching session with a friend ended being an appreciation session for PB29 💙,https://reddit.com/r/Watercolor/comments/1fig5bd/what_started_as_an_urban_sketching_session_with_a/,https://preview.redd.it/hmq5yihul8pd1.jpg?width=1440&format=pjpg&auto=webp&s=3236f44c5a1ae04f081f27d6aa8086c201e3b733,0
240,1hzy37u,1500.0,0,57,2,0.9700000286102295,"Thought I'd try a ""tight"" technique for clouds today",https://reddit.com/r/Watercolor/comments/1hzy37u/thought_id_try_a_tight_technique_for_clouds_today/,https://i.imgur.com/aXuzlc8.jpg,0
241,1hvphl8,1500.0,0,642,60,0.9900000095367432,Just finished painting the Grid facade of Parc de la Villette Science Museum in Paris,https://reddit.com/r/Watercolor/comments/1hvphl8/just_finished_painting_the_grid_facade_of_parc_de/,https://preview.redd.it/yli75vuq5kbe1.jpg?width=3213&format=pjpg&auto=webp&s=27e0906ca8a4560516023ddb645337878819c634,0
242,1m37tmd,1500.0,0,39,5,0.9800000190734863,From Underwater macro portaits to watercolor,https://reddit.com/r/Watercolor/comments/1m37tmd/from_underwater_macro_portaits_to_watercolor/,https://preview.redd.it/71ksr8pjyndf1.jpg?width=1535&format=pjpg&auto=webp&s=9548aa13f16462a745a5bde985c5439cd426e6bd,0
243,1hl0gf4,1500.0,0,144,64,0.91,"Don't buy ""Bee Paper Company"" Products",https://reddit.com/r/Watercolor/comments/1hl0gf4/dont_buy_bee_paper_company_products/,https://preview.redd.it/5wzq53ccoo8e1.jpg?width=3024&format=pjpg&auto=webp&s=2c58ad8b3577aa0216362b551d0ea3032c231bff,0
244,1pxea0t,1500.0,0,74,4,0.9700000286102295,Cabin camping painting,https://reddit.com/r/Watercolor/comments/1pxea0t/cabin_camping_painting/,https://i.redd.it/4fxq0xkmju9g1.jpeg,0
245,1px27hb,1500.0,0,122,33,0.9800000190734863,Is this a good starter watercolor set,https://reddit.com/r/Watercolor/comments/1px27hb/is_this_a_good_starter_watercolor_set/,https://i.redd.it/jt0vzsn0yr9g1.jpeg,0
246,1lu0k2l,1500.0,0,59,3,0.9700000286102295,A very special memory,https://reddit.com/r/Watercolor/comments/1lu0k2l/a_very_special_memory/,https://external-preview.redd.it/dzR3cTRsczluaGJmMRxP4MAlLJySZ07T-FS-eQVtRVHRdfwCdMjGOozAh5TU.png?format=pjpg&auto=webp&s=59849a22091ad3408ededfb735e34fefaaa5272e,0
247,1jqv1sr,1500.0,0,109,19,0.9800000190734863,"Did a PY129 and PY150 comparison, along with ramble on my new found appreciation of PY129 and cool yellows in general!",https://reddit.com/r/Watercolor/comments/1jqv1sr/did_a_py129_and_py150_comparison_along_with/,https://preview.redd.it/5ivhp6yrvose1.jpg?width=3549&format=pjpg&auto=webp&s=0c18b9ec59e6408bacfeff4dbaeab9017efe619e,0
248,1krt5r1,1500.0,0,137,2,0.9900000095367432,Happy little play,https://reddit.com/r/Watercolor/comments/1krt5r1/happy_little_play/,https://i.redd.it/3ct93qo6o32f1.jpeg,0
249,1kkfqca,1500.0,0,69,6,1.0,Tahoe Pink,https://reddit.com/r/Watercolor/comments/1kkfqca/tahoe_pink/,https://external-preview.redd.it/a2V0bmRycGt5ODBmMUObaANZVR6YyFCjxD_-1gdMJZtfVU2TvI3CvO30Z9vt.png?format=pjpg&auto=webp&s=2a162f92e3997a775f7de56bad5c72db1ed7b0f7,0
250,1oqzu95,1500.0,0,164,22,0.9800000190734863,Sold my first piece!!,https://reddit.com/r/Watercolor/comments/1oqzu95/sold_my_first_piece/,https://i.redd.it/yfkgpci09vzf1.jpeg,0
251,1nnomew,1500.0,0,258,112,1.0,Let’s share our setups! Here’s mine.,https://reddit.com/r/Watercolor/comments/1nnomew/lets_share_our_setups_heres_mine/,https://i.redd.it/zln74gy4cqqf1.jpeg,0
252,1i5xr8u,1500.0,0,115,8,0.9800000190734863,1960s Watercolour tin found at a flea market for $10,https://reddit.com/r/Watercolor/comments/1i5xr8u/1960s_watercolour_tin_found_at_a_flea_market_for/,https://preview.redd.it/68menj5u37ee1.jpg?width=4284&format=pjpg&auto=webp&s=ebf223ea2c4475da528d94b7686468846458b0e5,0
253,1ioi6b6,1499.7,27,78,31,0.949999988079071,Are those frame worthy?,https://reddit.com/r/Watercolor/comments/1ioi6b6/are_those_frame_worthy/,https://preview.redd.it/tz5y1h6ajwie1.jpg?width=3382&format=pjpg&auto=webp&s=fcbce2e7ed0525a4b22fe88152075f1c5fa8f080,0
254,1kdtz4h,1498.0,30,337,10,1.0,My progress over a few years!,https://reddit.com/r/Watercolor/comments/1kdtz4h/my_progress_over_a_few_years/,https://preview.redd.it/0x78c1h7skye1.jpg?width=3056&format=pjpg&auto=webp&s=456538747a4895325dba7fad8c25c87bdcc50518,0
255,1apzkwl,1497.1,32,70,5,0.99,Fat birds,https://reddit.com/r/Watercolor/comments/1apzkwl/fat_birds/,https://i.redd.it/k16ky20b4eic1.jpeg,0
256,1azzjqv,1496.9,30,355,29,1.0,Looking for bait,https://reddit.com/r/Watercolor/comments/1azzjqv/looking_for_bait/,https://i.redd.it/4nvd39pyuskc1.jpeg,0
257,1l2f51f,1496.9,30,35,2,0.9900000095367432,Serene Backwaters (Watercolor),https://reddit.com/r/Watercolor/comments/1l2f51f/serene_backwaters_watercolor/,https://i.redd.it/mi9sysldfq4f1.jpeg,0
258,1jk2y5t,1495.6,8,87,3,0.9700000286102295,Gar fish - Attempted fast painting because I have a hard time painting loosely,https://reddit.com/r/Watercolor/comments/1jk2y5t/gar_fish_attempted_fast_painting_because_i_have_a/,https://preview.redd.it/jqd4o8cahyqe1.jpg?width=3024&format=pjpg&auto=webp&s=67228494bd384e46ae54a6bb7256804c0801943a,0
259,1ms57ih,1495.4,30,152,31,0.9900000095367432,should I make a sunset or something else through the pillars?,https://reddit.com/r/Watercolor/comments/1ms57ih/should_i_make_a_sunset_or_something_else_through/,https://i.redd.it/jal5i0c0ofjf1.jpeg,0
260,1fecjnb,1494.0,32,211,7,0.9900000095367432,Oranges and the White Cat ,https://reddit.com/r/Watercolor/comments/1fecjnb/oranges_and_the_white_cat/,https://i.redd.it/kyv6sgeu47od1.jpeg,0
261,1knydrq,1493.8,30,277,10,1.0,Fledgling painted by me,https://reddit.com/r/Watercolor/comments/1knydrq/fledgling_painted_by_me/,https://i.redd.it/k98a1h89p41f1.jpeg,0
262,1fm2fr0,1493.2,32,583,39,0.98,The hidden beauty of Thailand I captured in watercolor paintings. What is your favorite one?,https://reddit.com/r/Watercolor/comments/1fm2fr0/the_hidden_beauty_of_thailand_i_captured_in/,https://preview.redd.it/muazcpyyt5qd1.jpg?width=2000&format=pjpg&auto=webp&s=901c0ae79df15c821d6b3899c037dc2d58a7ede1,0
263,1nl73vg,1493.0,32,103,3,1.0,Goldfinch.,https://reddit.com/r/Watercolor/comments/1nl73vg/goldfinch/,https://i.redd.it/ywlf251v65qf1.jpeg,0
264,1mrnbz8,1491.9,29,21,2,0.9599999785423279,Daily portrait.,https://reddit.com/r/Watercolor/comments/1mrnbz8/daily_portrait/,https://preview.redd.it/46ckwayiubjf1.jpg?width=3056&format=pjpg&auto=webp&s=a3a54b4e6e34635166fc1e9126b67d5fbb880542,0
265,1o6j73r,1490.2,29,829,9,1.0,Old door,https://reddit.com/r/Watercolor/comments/1o6j73r/old_door/,https://i.redd.it/zds57ioem3vf1.jpeg,0
266,1j6n12z,1489.7,30,57,1,0.9700000286102295,Muted Hydrangea,https://reddit.com/r/Watercolor/comments/1j6n12z/muted_hydrangea/,https://i.redd.it/jphyyt7paine1.jpeg,0
267,1kte3z5,1489.0,29,111,2,1.0,Did a portrait in watercolors,https://reddit.com/r/Watercolor/comments/1kte3z5/did_a_portrait_in_watercolors/,https://i.redd.it/frky4758oh2f1.png,0
268,1isf6wq,1488.8,30,105,1,0.9900000095367432,"Portraits I painted, meet Kilo (Kilimanjaro) and Sampson",https://reddit.com/r/Watercolor/comments/1isf6wq/portraits_i_painted_meet_kilo_kilimanjaro_and/,https://i.redd.it/damgfu391xje1.jpeg,0
269,1f2kb80,1487.3,31,442,19,0.9900000095367432,Practicing water colors again ,https://reddit.com/r/Watercolor/comments/1f2kb80/practicing_water_colors_again/,https://i.redd.it/zteov8h198ld1.jpeg,0
270,1lszns6,1487.0,27,161,3,0.9900000095367432,Plum and peaches,https://reddit.com/r/Watercolor/comments/1lszns6/plum_and_peaches/,https://i.redd.it/j4x9yjwrv8bf1.jpeg,0
271,1nq1c9p,1486.8,25,38,2,0.9800000190734863,Menu food art I did,https://reddit.com/r/Watercolor/comments/1nq1c9p/menu_food_art_i_did/,https://i.redd.it/hhd4q7i5v9rf1.jpeg,0
272,1e5ov08,1486.8,27,282,8,1.0,"Almost finished , boat in the water",https://reddit.com/r/Watercolor/comments/1e5ov08/almost_finished_boat_in_the_water/,https://i.redd.it/dk9yxdh6c4dd1.jpeg,0
273,1k97dix,1486.4,32,37,2,0.9800000190734863,Robin,https://reddit.com/r/Watercolor/comments/1k97dix/robin/,https://i.redd.it/g6klc64qhexe1.jpeg,0
274,1fopkcc,1486.4,31,41,2,0.96,A watercolor that I made with pen and ink,https://reddit.com/r/Watercolor/comments/1fopkcc/a_watercolor_that_i_made_with_pen_and_ink/,https://i.redd.it/543vjhe85uqd1.jpeg,0
275,1gxnb8f,1486.3,29,1981,31,0.9900000095367432,I like this kind of style so I did my best ,https://reddit.com/r/Watercolor/comments/1gxnb8f/i_like_this_kind_of_style_so_i_did_my_best/,https://i.redd.it/7zgymncrtj2e1.jpeg,0
276,1cge4uo,1485.5,29,193,8,0.99,"Some pomegranates for you, watercolour, 2024",https://reddit.com/r/Watercolor/comments/1cge4uo/some_pomegranates_for_you_watercolour_2024/,https://i.redd.it/pxcv1fl18ixc1.jpeg,0
277,1fsb8ct,1484.4,31,38,2,1.0,sunflowers,https://reddit.com/r/Watercolor/comments/1fsb8ct/sunflowers/,https://preview.redd.it/icbycgf3lsrd1.jpg?width=3251&format=pjpg&auto=webp&s=9062a835aa55675a0e6405590f9823fc57f70f96,0
278,1hcjd7q,1483.4,29,26,2,0.949999988079071,Paint from reference practice 12Dec2024,https://reddit.com/r/Watercolor/comments/1hcjd7q/paint_from_reference_practice_12dec2024/,https://preview.redd.it/5ciledcboe6e1.jpg?width=2841&format=pjpg&auto=webp&s=8cd9129a93b756a9469bcb5de54b14ae7532ad4c,0
279,1gi4ao9,1481.6,31,46,3,0.9599999785423279,Second Omlette Fest Watercolor Demo,https://reddit.com/r/Watercolor/comments/1gi4ao9/second_omlette_fest_watercolor_demo/,https://i.redd.it/wltgt216ijyd1.jpeg,0
280,1jr02r5,1481.0,31,50,6,0.9800000190734863,"I was scrolling through r/OldSchoolCool and came across this one picture that I really loved, so I tried my hand out at painting it.",https://reddit.com/r/Watercolor/comments/1jr02r5/i_was_scrolling_through_roldschoolcool_and_came/,https://i.redd.it/di759qky0qse1.jpeg,0
281,1or5igh,1480.7,32,23,1,0.949999988079071,Marceline. Done by me with ink and watercolors.,https://reddit.com/r/Watercolor/comments/1or5igh/marceline_done_by_me_with_ink_and_watercolors/,https://preview.redd.it/qwrle58bbwzf1.png?width=1000&format=png&auto=webp&s=30174ee9c90c90f41314a665a5df22f176e54cad,0
282,1mcwto0,1479.6,30,77,6,0.9700000286102295,Tribute portrait,https://reddit.com/r/Watercolor/comments/1mcwto0/tribute_portrait/,https://i.redd.it/vcskke31sxff1.jpeg,0
283,1cwnnqq,1478.6,32,46,2,0.99,I painted a portrait of Lizzy McAlpine on hot pressed watercolor paper ,https://reddit.com/r/Watercolor/comments/1cwnnqq/i_painted_a_portrait_of_lizzy_mcalpine_on_hot/,https://i.redd.it/p4ovinaprm1d1.jpeg,0
284,1js8sm8,1478.4,31,54,3,0.9700000286102295,Together,https://reddit.com/r/Watercolor/comments/1js8sm8/together/,https://i.redd.it/h7o6ze8rx1te1.jpeg,0
285,1hkknue,1477.8,27,46,7,0.9700000286102295,Ramen yōkai by me,https://reddit.com/r/Watercolor/comments/1hkknue/ramen_yōkai_by_me/,https://i.redd.it/wicd3r2mnk8e1.jpeg,0
286,1jshxks,1477.3,31,352,46,0.9800000190734863,What is your favorite watercolor painting from the National Park Collection?,https://reddit.com/r/Watercolor/comments/1jshxks/what_is_your_favorite_watercolor_painting_from/,https://preview.redd.it/u4s6l3euy3te1.jpg?width=2947&format=pjpg&auto=webp&s=04cececc9691e26498c6bb99498ef021035f7dd6,0
287,1miewd1,1476.8,32,31,1,1.0,Watercolor character illustration from my sketchbook.,https://reddit.com/r/Watercolor/comments/1miewd1/watercolor_character_illustration_from_my/,https://preview.redd.it/iavx6vsbg8hf1.png?width=1000&format=png&auto=webp&s=9bf56542437e4e0a3738af4a7b8f27b79fbc8390,0
288,1aiw4vo,1475.8,31,20,0,0.92,Copied it.,https://reddit.com/r/Watercolor/comments/1aiw4vo/copied_it/,https://i.redd.it/t5abrfq5emgc1.jpeg,0
289,1ccnfhb,1474.8,31,60,5,0.98,A little wonky but am happy with it ,https://reddit.com/r/Watercolor/comments/1ccnfhb/a_little_wonky_but_am_happy_with_it/,https://i.redd.it/bh1rtb0helwc1.jpeg,0
290,1awpc5l,1474.6,31,33,9,0.9,Color or monochromatic?,https://reddit.com/r/Watercolor/comments/1awpc5l/color_or_monochromatic/,https://preview.redd.it/f29e0ddtk0kc1.jpg?width=1980&format=pjpg&auto=webp&s=737d7342f500027db3ada28ffb7167200cf72b47,0
291,1lxaj41,1473.4,32,1616,33,1.0,Painting loose florals gives me so much joy,https://reddit.com/r/Watercolor/comments/1lxaj41/painting_loose_florals_gives_me_so_much_joy/,https://i.redd.it/qkik1qauo9cf1.jpeg,0
292,1d4cx4v,1473.2,32,20,7,1.0,Help with technique,https://reddit.com/r/Watercolor/comments/1d4cx4v/help_with_technique/,https://i.redd.it/kkf9tam7dm3d1.jpeg,0
293,1n3c0le,1473.1,8,789,28,1.0,Did a quick watercolour painting today,https://reddit.com/r/Watercolor/comments/1n3c0le/did_a_quick_watercolour_painting_today/,https://preview.redd.it/s25inn5tizlf1.jpg?width=4284&format=pjpg&auto=webp&s=108a3a9f5e99567ac77d4e7ab172536805bcea97,0
294,1h42cp1,1472.5,29,23,1,1.0,Painted a close-up of the Gate of Karla VI at Kalemegdan Park in Belgrade,https://reddit.com/r/Watercolor/comments/1h42cp1/painted_a_closeup_of_the_gate_of_karla_vi_at/,https://i.redd.it/ekzgf7gve84e1.jpeg,0
295,1fm8apa,1471.5,30,34,1,1.0,Always nice to take a week or two off and come back feeling inspired,https://reddit.com/r/Watercolor/comments/1fm8apa/always_nice_to_take_a_week_or_two_off_and_come/,https://i.redd.it/iyxi2ab477qd1.jpeg,0
296,1abgo18,1471.1,12,352,18,0.99,Roses sketch from my sketchbook of memories,https://reddit.com/r/Watercolor/comments/1abgo18/roses_sketch_from_my_sketchbook_of_memories/,https://i.redd.it/iak07hebxrec1.jpeg,0
297,1nfx2kn,1470.9,4,5658,361,0.9800000190734863,I don't know enough swear words🙂,https://reddit.com/r/Watercolor/comments/1nfx2kn/i_dont_know_enough_swear_words/,https://preview.redd.it/3jlcu35blxof1.jpg?width=2252&format=pjpg&auto=webp&s=5fa2fe36632dadce69c1fb0124f33fd2b64bfba1,0
298,1n802k1,1469.2,28,479,17,1.0,Gave it a go at another loose floral. Better?,https://reddit.com/r/Watercolor/comments/1n802k1/gave_it_a_go_at_another_loose_floral_better/,https://i.redd.it/smiwwh5km2nf1.jpeg,0
299,1f6p2b2,1468.1,10,153,7,0.9700000286102295,metallic watercolor 🦋,https://reddit.com/r/Watercolor/comments/1f6p2b2/metallic_watercolor/,https://i.redd.it/pgrvkr4zh9md1.jpeg,0
300,1czo2u3,1467.3,6,50,2,0.98,"The fountain in Bryant Park, NYC. The white tents are part of the Maker’s Market taking place all spring, and the fountain is the first monument in NYC to honor a woman, Josephine Shaw Lowell, a social worker who founded many charities to eradicate poverty.",https://reddit.com/r/Watercolor/comments/1czo2u3/the_fountain_in_bryant_park_nyc_the_white_tents/,https://preview.redd.it/wytpundgce2d1.jpg?width=4032&format=pjpg&auto=webp&s=d09d7cf0a5e30fb1177e9a5a99c26f1a2b500669,0
301,1jt6hnv,1467.1,28,3387,52,1.0,frame-by-frame watercolor animation,https://reddit.com/r/Watercolor/comments/1jt6hnv/framebyframe_watercolor_animation/,https://external-preview.redd.it/Yzc2bXhvdDdsYXRlMSpdO2jvX5Uv-61vlkJav-uIzRUAw_lnpqBOiyTyTyBX.png?format=pjpg&auto=webp&s=cecd749d70396844a4b59a4ea3e51800a8c35291,0
302,1bklkb9,1467.1,30,27,1,0.99,Practicing wet on wet,https://reddit.com/r/Watercolor/comments/1bklkb9/practicing_wet_on_wet/,https://i.redd.it/tqlxbx3a0spc1.jpeg,0
303,1muil1f,1467.0,32,70,4,0.9900000095367432,Carmageddon,https://reddit.com/r/Watercolor/comments/1muil1f/carmageddon/,https://i.redd.it/722rukc5bzjf1.jpeg,0
304,1elucp5,1466.6,30,74,5,1.0,Watercolor puppet show?,https://reddit.com/r/Watercolor/comments/1elucp5/watercolor_puppet_show/,https://external-preview.redd.it/Ymw4cXN1dWQ3NGhkMeJPzvB8TffIH21w-KR_U76HYxbjIX4RsNdZ7Xz7oyHX.png?format=pjpg&auto=webp&s=987842fbdb6ca51c51565f76439109da245fdf89,0
305,1i3jfph,1466.4,30,215,15,1.0,First stab at this irl,https://reddit.com/r/Watercolor/comments/1i3jfph/first_stab_at_this_irl/,https://i.redd.it/qsq74x54tkde1.jpeg,0
306,1af55rb,1465.8,30,25,0,1.0,"Watercolor, Evening Lake, by me",https://reddit.com/r/Watercolor/comments/1af55rb/watercolor_evening_lake_by_me/,https://i.redd.it/yrrpiknveofc1.jpeg,0
307,1gre8ts,1465.3,30,52,3,0.9900000095367432,Mountains landscape ,https://reddit.com/r/Watercolor/comments/1gre8ts/mountains_landscape/,https://i.redd.it/2zdui2lkex0e1.jpeg,0
308,1ks6zur,1465.1,4,265,21,0.9900000095367432,The gang pick flowers,https://reddit.com/r/Watercolor/comments/1ks6zur/the_gang_pick_flowers/,https://i.redd.it/i6xo5479u62f1.jpeg,0
309,1etl2a1,1464.9,30,1639,24,0.9900000095367432,"To my father, watercolor on paper, 2024",https://reddit.com/r/Watercolor/comments/1etl2a1/to_my_father_watercolor_on_paper_2024/,https://i.redd.it/cj8i1jg540jd1.png,0
310,1ntlwx7,1463.8,26,21,8,0.9200000166893005,"Beginner - One of my firsts, but I'm still quite proud of it",https://reddit.com/r/Watercolor/comments/1ntlwx7/beginner_one_of_my_firsts_but_im_still_quite/,https://i.redd.it/04dn1mvgm4sf1.jpeg,0
311,1on7ytv,1463.5,29,21,4,0.949999988079071,Trying out Russian watercolors,https://reddit.com/r/Watercolor/comments/1on7ytv/trying_out_russian_watercolors/,https://preview.redd.it/15wnd1c6o0zf1.jpg?width=2781&format=pjpg&auto=webp&s=669a54a0bfdd119d1582130ae4a472aa64d96aee,0
312,1h4boic,1462.3,30,24,1,1.0,Snowy town,https://reddit.com/r/Watercolor/comments/1h4boic/snowy_town/,https://i.redd.it/bqa7uynsja4e1.jpeg,0
313,1ouocb5,1460.6,31,23,1,0.9300000071525574,Farm series for my toddler,https://reddit.com/r/Watercolor/comments/1ouocb5/farm_series_for_my_toddler/,https://preview.redd.it/yq3vn5uujp0g1.jpg?width=3024&format=pjpg&auto=webp&s=d4bbe07b144c55d05e255f2d87ba7c6852c5d9bd,0
314,1oqgczi,1460.0,29,22,10,0.8899999856948853,Not perfect but improving - mixed watercolor and acrylic,https://reddit.com/r/Watercolor/comments/1oqgczi/not_perfect_but_improving_mixed_watercolor_and/,https://i.redd.it/umixbzqbfqzf1.jpeg,0
315,1nk33ja,1459.5,20,23,2,0.9100000262260437,A breezy ride,https://reddit.com/r/Watercolor/comments/1nk33ja/a_breezy_ride/,https://i.redd.it/9de2sldd0wpf1.jpeg,0
316,1odqrok,1459.0,28,22,7,0.9599999785423279,Confused signals,https://reddit.com/r/Watercolor/comments/1odqrok/confused_signals/,https://i.redd.it/xec6lobdnrwf1.jpeg,0
317,1czlgf8,1457.6,27,213,18,0.98,My friend Alex.,https://reddit.com/r/Watercolor/comments/1czlgf8/my_friend_alex/,https://i.redd.it/824zjxd2sd2d1.jpeg,0
318,1oui81y,1456.7,29,84,4,0.9900000095367432,Aspen Way,https://reddit.com/r/Watercolor/comments/1oui81y/aspen_way/,https://i.redd.it/ye0adyvgeo0g1.jpeg,0
319,1m2k8x2,1456.0,32,23,6,0.9599999785423279,Dog portrait,https://reddit.com/r/Watercolor/comments/1m2k8x2/dog_portrait/,https://preview.redd.it/m6a8nwlz7idf1.jpg?width=3072&format=pjpg&auto=webp&s=2995038811dfa401e8416c01a7eb27b0b02a4309,0
320,1jxm4zd,1455.9,31,686,11,1.0,I love painting with limited colors...,https://reddit.com/r/Watercolor/comments/1jxm4zd/i_love_painting_with_limited_colors/,https://preview.redd.it/yzs5qdxzrfue1.jpg?width=2679&format=pjpg&auto=webp&s=9a632f37326d4321d5971307a6d84191c60d4f3c,0
321,1gx0509,1455.1,31,42,4,0.9599999785423279,w reflections or nah?,https://reddit.com/r/Watercolor/comments/1gx0509/w_reflections_or_nah/,https://i.redd.it/m7aldl8cxd2e1.jpeg,0
322,1nuv6d7,1454.8,27,49,2,1.0,Latest Beep Boop,https://reddit.com/r/Watercolor/comments/1nuv6d7/latest_beep_boop/,https://i.redd.it/rqbdzqxhkesf1.jpeg,0
323,1j6slfa,1454.5,29,77,8,1.0,"Evening Hedgerow, detail. New to watercolour.",https://reddit.com/r/Watercolor/comments/1j6slfa/evening_hedgerow_detail_new_to_watercolour/,https://i.redd.it/rlgzd474jjne1.jpeg,0
324,1c7229k,1452.7,31,62,5,0.98,Another teeny tiny painting🤍,https://reddit.com/r/Watercolor/comments/1c7229k/another_teeny_tiny_painting/,https://i.redd.it/gckqmffde8vc1.jpeg,0
325,1lzl0jd,1452.0,3,44,3,0.8899999856948853,Using soft watercolor tones and silver leaf for a marble effect ✨,https://reddit.com/r/Watercolor/comments/1lzl0jd/using_soft_watercolor_tones_and_silver_leaf_for_a/,https://external-preview.redd.it/NGdkbHQ0ajUydWNmMZqnHNvt3VyHJB2r08MydByKsfjLSyhgyYdFMpx-oDTO.png?format=pjpg&auto=webp&s=0a1d5bb69236e08d4f53f0797678230c4e2168a8,0
326,1nfylm1,1452.0,3,108,20,0.8299999833106995,Would you recognize my ethereal landscape paintings if you saw them displayed somewhere? 100% watercolors,https://reddit.com/r/Watercolor/comments/1nfylm1/would_you_recognize_my_ethereal_landscape/,https://preview.redd.it/3yq6w91nwxof1.jpg?width=2000&format=pjpg&auto=webp&s=dc426a06fdbc8964689bb6102df697a2ed776ccb,0
327,1d2jyvj,1451.6,28,41,2,0.95,"I begun the portrait of my grandma's friend, Zamaliev Igor, watercolor on paper, 2024",https://reddit.com/r/Watercolor/comments/1d2jyvj/i_begun_the_portrait_of_my_grandmas_friend/,https://preview.redd.it/cau44iju963d1.jpg?width=1080&format=pjpg&auto=webp&s=71f4c72f9c394ffa36d6518a60c5e2f0d5e09858,0
328,1gqeymh,1451.4,25,52,3,0.9399999976158142,Kapow!,https://reddit.com/r/Watercolor/comments/1gqeymh/kapow/,https://i.redd.it/ahbw7clipo0e1.jpeg,0
329,1gtg6ju,1450.5,3,21,2,0.9599999785423279,Vitra fire station,https://reddit.com/r/Watercolor/comments/1gtg6ju/vitra_fire_station/,https://i.redd.it/4pnjyu7seh1e1.jpeg,0
330,1liyr9f,1450.5,29,892,12,1.0,“Order for Three” Watercolor on Hotpress Fabriano Paper,https://reddit.com/r/Watercolor/comments/1liyr9f/order_for_three_watercolor_on_hotpress_fabriano/,https://i.redd.it/ef8rwjiv5s8f1.jpeg,0
331,1eq22x3,1450.0,20,71,4,0.9800000190734863,Watercolor🪼,https://reddit.com/r/Watercolor/comments/1eq22x3/watercolor/,https://i.redd.it/mlpc92hy55id1.jpeg,0
332,1m3jn3j,1449.8,31,149,11,0.9900000095367432,Is it really cold inside a castle?,https://reddit.com/r/Watercolor/comments/1m3jn3j/is_it_really_cold_inside_a_castle/,https://i.redd.it/mfwhvzy2gqdf1.jpeg,0
333,1gmn2z3,1449.0,31,100,3,0.9900000095367432,Tea Plantations ,https://reddit.com/r/Watercolor/comments/1gmn2z3/tea_plantations/,https://i.redd.it/3yz397gejpzd1.jpeg,0
334,1ed75ar,1447.9,30,91,10,0.9900000095367432,"New to watercolor and I’m pleased with this one, any feedback?",https://reddit.com/r/Watercolor/comments/1ed75ar/new_to_watercolor_and_im_pleased_with_this_one/,https://i.redd.it/6ntuqc9mgzed1.jpeg,0
335,1p269ve,1447.4,27,2177,51,0.9900000095367432,"One thing I know for certain is, metallic watercolors are a perfect pairing with botanical design. 😁",https://reddit.com/r/Watercolor/comments/1p269ve/one_thing_i_know_for_certain_is_metallic/,https://i.redd.it/6ma1sksylf2g1.jpeg,0
336,1flrvqh,1446.5,31,80,6,0.9700000286102295,The Xenomorph (in progress),https://reddit.com/r/Watercolor/comments/1flrvqh/the_xenomorph_in_progress/,https://i.redd.it/b88mdzize2qd1.jpeg,0
337,1e72rgy,1444.1,30,34,8,0.8999999761581421,I would like some feedback!,https://reddit.com/r/Watercolor/comments/1e72rgy/i_would_like_some_feedback/,https://i.redd.it/ar57wgjk0hdd1.jpeg,0
338,1jhzvg4,1443.9,32,114,11,0.9900000095367432,Mixed media attempt,https://reddit.com/r/Watercolor/comments/1jhzvg4/mixed_media_attempt/,https://i.redd.it/6roked9v3gqe1.jpeg,0
339,1k0kimj,1443.3,26,235,1,1.0,Street vendor live painting!,https://reddit.com/r/Watercolor/comments/1k0kimj/street_vendor_live_painting/,https://i.redd.it/8ipdfgrx87ve1.jpeg,0
340,1j451cm,1443.0,32,72,24,0.9700000286102295,What do you like to use for highlights?,https://reddit.com/r/Watercolor/comments/1j451cm/what_do_you_like_to_use_for_highlights/,https://external-preview.redd.it/NmdwZTh4d215dm1lMVu9ynyB_M_OhJXHyjgMP3IwPrhWQS244HM7bUf3UAWZ.png?format=pjpg&auto=webp&s=ad166758eec90dc37b4a32beb1a0f84b350b6022,0
341,1bxgnxo,1442.8,30,91,3,1.0,"A quick sketch of The Guggenheim Museum, done on location. It was nice to be outside again after a long winter sketching indoors.",https://reddit.com/r/Watercolor/comments/1bxgnxo/a_quick_sketch_of_the_guggenheim_museum_done_on/,https://preview.redd.it/tw9r16c26wsc1.jpg?width=1284&format=pjpg&auto=webp&s=75f5d49ef7c1d9af7cfd1082c1f4972c7b7b59ab,0
342,1eo3bsk,1442.4,32,44,4,0.9599999785423279,Some time of the day with colours,https://reddit.com/r/Watercolor/comments/1eo3bsk/some_time_of_the_day_with_colours/,https://i.redd.it/c77em3oiunhd1.jpeg,0
343,1o2an8y,1442.1,32,74,6,0.9800000190734863,Overcast inlet,https://reddit.com/r/Watercolor/comments/1o2an8y/overcast_inlet/,https://i.redd.it/4zm48gsz44uf1.jpeg,0
344,1fcd34y,1439.9,32,353,10,0.9900000095367432,Chrysanthemums are hard >_<,https://reddit.com/r/Watercolor/comments/1fcd34y/chrysanthemums_are_hard/,https://i.redd.it/1lmpwn6dlond1.jpeg,0
345,1e8vhr9,1439.9,31,1142,207,0.9900000095367432,Do you guys think I should go little bit more into realism? ,https://reddit.com/r/Watercolor/comments/1e8vhr9/do_you_guys_think_i_should_go_little_bit_more/,https://i.redd.it/4jo0d2xujxdd1.jpeg,0
346,1ajbwa2,1439.3,30,79,14,0.97,Been practicing - looking for tips!,https://reddit.com/r/Watercolor/comments/1ajbwa2/been_practicing_looking_for_tips/,https://preview.redd.it/da59ilxwaqgc1.jpg?width=1169&format=pjpg&auto=webp&s=b08c4148a05dcab5ee298e5c2589fbd513a98b54,0
347,1fxzr37,1438.9,28,20,2,0.8899999856948853,Attempted en plein air painting this weekend,https://reddit.com/r/Watercolor/comments/1fxzr37/attempted_en_plein_air_painting_this_weekend/,https://preview.redd.it/kdey81guk9td1.jpg?width=3928&format=pjpg&auto=webp&s=510a039ff0af8496a91823c366bcb25ab1a48e3a,0
348,1f0eapl,1438.2,4,29,2,0.949999988079071,I’m obsessed with drawing these weird landscapes ,https://reddit.com/r/Watercolor/comments/1f0eapl/im_obsessed_with_drawing_these_weird_landscapes/,https://preview.redd.it/1zu0i5f05okd1.jpg?width=3024&format=pjpg&auto=webp&s=620fdc7459169a1aa73923130ac2949c2870fa65,0
349,1h0nv0f,1438.1,32,25,2,0.8799999952316284,Scene Queen painting I made today! ,https://reddit.com/r/Watercolor/comments/1h0nv0f/scene_queen_painting_i_made_today/,https://i.redd.it/dd3fv3j7hb3e1.jpeg,0
350,1knzgm8,1437.0,26,31,1,0.9700000286102295,Work in progress,https://reddit.com/r/Watercolor/comments/1knzgm8/work_in_progress/,https://i.redd.it/nf2p4x5oz41f1.jpeg,0
351,1naig7p,1436.1,8,47,6,0.9800000190734863,Hand practice - opinion - with or without shading,https://reddit.com/r/Watercolor/comments/1naig7p/hand_practice_opinion_with_or_without_shading/,https://preview.redd.it/ege0vccyrnnf1.jpg?width=2992&format=pjpg&auto=webp&s=c1d8d9f4c6e50d87e2ea8c4250f10e1f5b2f51bc,0
352,1h6ww4k,1436.0,4,48,58,0.9800000190734863,do you use tubes or pots/pans? what’s your reason for using either one?,https://reddit.com/r/Watercolor/comments/1h6ww4k/do_you_use_tubes_or_potspans_whats_your_reason/,https://i.redd.it/eoxsd83nkx4e1.jpeg,0
353,1aqjecs,1436.0,4,23,0,1.0,❤Happy Valentine's Day❤,https://reddit.com/r/Watercolor/comments/1aqjecs/happy_valentines_day/,https://external-preview.redd.it/b2hoMTkxenp4aWljMd2MoN9IZGkBXlVCEjxnicuezKnh_fDLEKVMjO6bm7hV.png?format=pjpg&auto=webp&s=0b3e74acc9e7f073887cfa19db5a7e261b032798,0
354,1gcvlk1,1436.0,4,44,2,0.9800000190734863,"My friend made me a birthday cake, but most of the frosting stuck to the tin foil she used to cover it. Still I thought I should try to paint it :)",https://reddit.com/r/Watercolor/comments/1gcvlk1/my_friend_made_me_a_birthday_cake_but_most_of_the/,https://i.redd.it/rkmidz0y66xd1.jpeg,0
355,1djy2fi,1435.9,30,34,4,0.94,Some botanicals I’ve been working on this last weeks,https://reddit.com/r/Watercolor/comments/1djy2fi/some_botanicals_ive_been_working_on_this_last/,https://preview.redd.it/lx2afjlbbm7d1.jpg?width=1698&format=pjpg&auto=webp&s=e7f6c7122cd6273c778aa765863d021e51ce7b28,0
356,19eni6k,1435.8,26,208,37,1.0,"I'm painting specific animal, plant and fungus combinations. I would love some ideas for pairs that occur in the same places, even better if they regularly interact. Initial draft and color sketch included for those interested.",https://reddit.com/r/Watercolor/comments/19eni6k/im_painting_specific_animal_plant_and_fungus/,https://preview.redd.it/p5tdyt24mfec1.jpg?width=1920&format=pjpg&auto=webp&s=894e4011936b074686dd17fb28642d840ce8c244,0
357,1dbmqpe,1433.7,28,156,9,0.99,"This is the best watercolorpainting i have done so far, hope u like it",https://reddit.com/r/Watercolor/comments/1dbmqpe/this_is_the_best_watercolorpainting_i_have_done/,https://i.redd.it/tc5r1z9yjh5d1.jpeg,0
358,1f2k0h2,1433.1,32,75,3,0.9700000286102295,Northern cardinal,https://reddit.com/r/Watercolor/comments/1f2k0h2/northern_cardinal/,https://i.redd.it/ngxwzpln68ld1.jpeg,0
359,1kwq63e,1432.8,26,579,26,1.0,Two small watercolor abstractions on the theme of light in nature,https://reddit.com/r/Watercolor/comments/1kwq63e/two_small_watercolor_abstractions_on_the_theme_of/,https://preview.redd.it/fjdllsyyec3f1.jpg?width=1769&format=pjpg&auto=webp&s=5be1c156da4a7f0813f4645a5304098fed527269,0
360,1b8ag2w,1431.9,30,20,0,1.0,"Powder Gate, Prague. Fountain pen and watercolor",https://reddit.com/r/Watercolor/comments/1b8ag2w/powder_gate_prague_fountain_pen_and_watercolor/,https://i.redd.it/vnypcnl8yrmc1.jpeg,0
361,1mdawnh,1431.6,4,35,46,0.9100000262260437,How do you keep your pans clean?,https://reddit.com/r/Watercolor/comments/1mdawnh/how_do_you_keep_your_pans_clean/,https://i.redd.it/nj962t63e1gf1.jpeg,0
362,1k3p0am,1431.0,31,1398,26,1.0,Happy Easter everyone!,https://reddit.com/r/Watercolor/comments/1k3p0am/happy_easter_everyone/,https://i.redd.it/r8s1tjosc0we1.jpeg,0
363,1nkd29m,1430.2,32,22,1,0.9300000071525574,"[OC] Rogue. Done with watercolors, ink and white acrylic marker.",https://reddit.com/r/Watercolor/comments/1nkd29m/oc_rogue_done_with_watercolors_ink_and_white/,https://preview.redd.it/imx872xv9ypf1.png?width=1000&format=png&auto=webp&s=1a8ac74929f5dd03bfe2002e76f3d54960e78656,0
364,1jx90eg,1430.0,31,42,3,0.9800000190734863,First watercolor,https://reddit.com/r/Watercolor/comments/1jx90eg/first_watercolor/,https://i.redd.it/44maqosrybue1.jpeg,0
365,1945zla,1429.5,32,91,12,1.0,Very uncomfortable painting this,https://reddit.com/r/Watercolor/comments/1945zla/very_uncomfortable_painting_this/,https://preview.redd.it/4prds5w8aubc1.jpg?width=3024&format=pjpg&auto=webp&s=9b762bac256c5da2b76a8b95fb2acbf7482c8f0a,0
366,1ab66zq,1428.7,29,97,1,0.98,I’ve just got a lot on my mind…,https://reddit.com/r/Watercolor/comments/1ab66zq/ive_just_got_a_lot_on_my_mind/,https://i.redd.it/ua7q3wy2toec1.jpeg,0
367,1cishzu,1427.2,31,25,5,0.86,⚫️🔵🟡🔴 Ink + Alcohol,https://reddit.com/r/Watercolor/comments/1cishzu/ink_alcohol/,https://preview.redd.it/lnibrtl983yc1.jpg?width=3024&format=pjpg&auto=webp&s=424f998e3e1f38e365dfa253eed57ef6336be61d,0
368,1irf84t,1426.8,8,129,5,1.0,Teeny-tiny watercolors,https://reddit.com/r/Watercolor/comments/1irf84t/teenytiny_watercolors/,https://preview.redd.it/pia3rtlntnje1.jpg?width=1369&format=pjpg&auto=webp&s=ef907186cbbca4f9e243540247118cdee6592c12,0
369,1jg9yu8,1424.5,29,31,3,1.0,hippopotamus fishing.,https://reddit.com/r/Watercolor/comments/1jg9yu8/hippopotamus_fishing/,https://i.redd.it/6ruvpi91fzpe1.jpeg,0
370,1dirfrz,1424.5,31,40,1,0.93,Top-down view of a bouquet,https://reddit.com/r/Watercolor/comments/1dirfrz/topdown_view_of_a_bouquet/,https://preview.redd.it/yubkukty6c7d1.jpg?width=1960&format=pjpg&auto=webp&s=db772dca7e21e3ac9a3a2e296da4fc970c756643,0
371,1nbk8id,1423.7,31,1394,57,0.98,Finally tried watercolor for the first time,https://reddit.com/r/Watercolor/comments/1nbk8id/finally_tried_watercolor_for_the_first_time/,https://preview.redd.it/8yatvy4u5xnf1.png?width=1748&format=png&auto=webp&s=dcc96c79b01d848e20465860ec0c3dbaa6c467b7,0
372,1hyezvd,1422.9,31,25,6,1.0,Based off some pics I took around Manhattan ,https://reddit.com/r/Watercolor/comments/1hyezvd/based_off_some_pics_i_took_around_manhattan/,https://preview.redd.it/qy42yc3ke8ce1.jpg?width=1440&format=pjpg&auto=webp&s=217fab3fd728a6cd081bb69a1e1f81e9b90e91e0,0
373,1no8mz9,1422.7,31,311,8,0.9900000095367432,I made a funny one today,https://reddit.com/r/Watercolor/comments/1no8mz9/i_made_a_funny_one_today/,https://i.redd.it/7xpsgsuujuqf1.jpeg,0
374,1hkslyn,1422.2,29,46,1,0.9900000095367432,Orange Calla lilies,https://reddit.com/r/Watercolor/comments/1hkslyn/orange_calla_lilies/,https://i.redd.it/xqpj6wu5um8e1.jpeg,0
375,1i4y02v,1421.3,26,53,16,0.8799999952316284,A watercolor painting of one of the most beautiful cities. I’m not going to tell you where it is for fear of mass tourism. Finished with a bit of White Gouache. ,https://reddit.com/r/Watercolor/comments/1i4y02v/a_watercolor_painting_of_one_of_the_most/,https://i.redd.it/hv00adat8yde1.jpeg,0
376,1p6hkvc,1420.2,7,54,4,0.9700000286102295,Travel sketching,https://reddit.com/r/Watercolor/comments/1p6hkvc/travel_sketching/,https://i.redd.it/qjo0s0fonf3g1.jpeg,0
377,1nyo5om,1420.0,27,59,3,0.9900000095367432,IT'S SPOOOOKY SEASON,https://reddit.com/r/Watercolor/comments/1nyo5om/its_spooooky_season/,https://preview.redd.it/y4sbw0phoatf1.jpg?width=1846&format=pjpg&auto=webp&s=db91342a8194528b5f836c3fe8c804af3fec4948,0
378,1m33fhu,1419.3,27,35,2,0.9700000286102295,"Strawberry , watercolour sketch",https://reddit.com/r/Watercolor/comments/1m33fhu/strawberry_watercolour_sketch/,https://preview.redd.it/hl8vx9515ndf1.jpg?width=3472&format=pjpg&auto=webp&s=e642d9e2c7b2821d26808fd3045b0d6e3c32667c,0
379,1hsvhx4,1418.9,11,648,12,1.0,"Teaching myself how to watercolor this year, made this little guy for a cake topper! Going to add ribbon and a stick ",https://reddit.com/r/Watercolor/comments/1hsvhx4/teaching_myself_how_to_watercolor_this_year_made/,https://i.redd.it/sc6avyy94uae1.jpeg,0
380,1n13tj4,1417.1,31,35,1,1.0,River reflection,https://reddit.com/r/Watercolor/comments/1n13tj4/river_reflection/,https://i.redd.it/dlu68hwrrglf1.jpeg,0
381,1hp8a68,1416.9,27,21,3,0.9300000071525574,A-frame 🌲,https://reddit.com/r/Watercolor/comments/1hp8a68/aframe/,https://i.redd.it/eyib631qav9e1.jpeg,0
382,1m7utfk,1416.0,30,29,8,0.9700000286102295,Current works in progress.... Idk why I have such a hard time doing seafoam on the waves,https://reddit.com/r/Watercolor/comments/1m7utfk/current_works_in_progress_idk_why_i_have_such_a/,https://i.redd.it/zplcyt5n1ref1.jpeg,0
383,1cyrsba,1415.8,32,47,4,0.98,Heliconia free day drawing,https://reddit.com/r/Watercolor/comments/1cyrsba/heliconia_free_day_drawing/,https://preview.redd.it/6bsjgrel862d1.jpg?width=1440&format=pjpg&auto=webp&s=a9f1001746c4735a0241ea0ca7f904c09877edc3,0
384,1g4f8g5,1414.9,7,378,39,0.9800000190734863,How would you approach this?,https://reddit.com/r/Watercolor/comments/1g4f8g5/how_would_you_approach_this/,https://i.redd.it/q24grglxuyud1.jpeg,0
385,1o9xx1y,1414.5,26,62,9,0.9700000286102295,Ice Cream Soda! Third page of my zine!,https://reddit.com/r/Watercolor/comments/1o9xx1y/ice_cream_soda_third_page_of_my_zine/,https://preview.redd.it/gh9qvxp5wvvf1.jpg?width=1440&format=pjpg&auto=webp&s=9300bef5edcdb610f1bf7ced430b8e2ed51d4a7f,0
386,1iru28n,1413.4,32,288,13,0.9800000190734863,Your sub inspired me to steal my kid's watercolors and dare,https://reddit.com/r/Watercolor/comments/1iru28n/your_sub_inspired_me_to_steal_my_kids_watercolors/,https://i.redd.it/jo2ueflwerje1.jpeg,0
387,1l5a3ra,1413.0,30,21,3,0.8600000143051147,A friendly reminder to keep it up,https://reddit.com/r/Watercolor/comments/1l5a3ra/a_friendly_reminder_to_keep_it_up/,https://i.redd.it/yt72v3w51f5f1.jpeg,0
388,1mgei9b,1413.0,30,160,7,0.9900000095367432,A small study.,https://reddit.com/r/Watercolor/comments/1mgei9b/a_small_study/,https://i.redd.it/mi17ongoqrgf1.jpeg,0
389,1n9vs1o,1412.2,30,293,26,0.9900000095367432,"I’ve never painted or drawn anything in my life - but I’m having a terrible year so I went to France for a few days armed with some cheap watercolour supplies, a mid life crisis and a lot of hope!",https://reddit.com/r/Watercolor/comments/1n9vs1o/ive_never_painted_or_drawn_anything_in_my_life/,https://preview.redd.it/jsbb1jetpinf1.jpg?width=3024&format=pjpg&auto=webp&s=c3e26a877b5a9c343796204da33226c7e11ba292,0
390,1h66nvg,1411.9,6,467,33,0.9900000095367432,I've been practicing with watercolor lately. Here's 20 examples of some goofy characters I've created.,https://reddit.com/r/Watercolor/comments/1h66nvg/ive_been_practicing_with_watercolor_lately_heres/,https://preview.redd.it/xf8qy9v34r4e1.jpg?width=2800&format=pjpg&auto=webp&s=b054d27deb5b5e374ace495b616859abb77fb004,0
391,1jmg5xf,1411.9,30,28,2,0.949999988079071,Quick sketch with the plein air gang this morning.,https://reddit.com/r/Watercolor/comments/1jmg5xf/quick_sketch_with_the_plein_air_gang_this_morning/,https://preview.redd.it/1odi0f1znkre1.jpg?width=3765&format=pjpg&auto=webp&s=33e2b1326f2290fffea341ffdd0f8a62e3fdbad7,0
392,1pvvu8h,1410.8,27,55,5,0.9300000071525574,"asked friend for a shape, they said rhombus",https://reddit.com/r/Watercolor/comments/1pvvu8h/asked_friend_for_a_shape_they_said_rhombus/,https://i.redd.it/v9w38mw6bh9g1.jpeg,0
393,1hl2j6a,1409.8,28,227,18,0.9900000095367432,Santa 2023 ,https://reddit.com/r/Watercolor/comments/1hl2j6a/santa_2023/,https://i.redd.it/7238u1dy7p8e1.jpeg,0
394,1atdz5r,1409.3,28,27,1,0.95,One of my first paintings,https://reddit.com/r/Watercolor/comments/1atdz5r/one_of_my_first_paintings/,https://i.redd.it/gyv9273608jc1.jpeg,0
395,1mjp5kz,1408.9,28,23,4,0.9300000071525574,Truro Summer Cottage,https://reddit.com/r/Watercolor/comments/1mjp5kz/truro_summer_cottage/,https://i.redd.it/8i1wfhlqlihf1.jpeg,0
396,1990952,1406.1,31,26,0,0.97,Watercolor portraits 2-3min,https://reddit.com/r/Watercolor/comments/1990952/watercolor_portraits_23min/,https://preview.redd.it/kj3k53lxy0dc1.jpg?width=3021&format=pjpg&auto=webp&s=849018ec127c7ac5cf9d8b14838644d4503b1371,0
397,1anzxe8,1405.0,28,40,2,0.98,Koi Pond,https://reddit.com/r/Watercolor/comments/1anzxe8/koi_pond/,https://i.redd.it/4qlihp2p0whc1.jpeg,0
398,1j65ngv,1404.5,30,24,1,0.9399999976158142,Bloom,https://reddit.com/r/Watercolor/comments/1j65ngv/bloom/,https://i.redd.it/4i8isjys9dne1.png,0
399,1lb0vvq,1403.9,10,21,3,0.9900000095367432,Just a lil’ Boot Scootin’ Gus,https://reddit.com/r/Watercolor/comments/1lb0vvq/just_a_lil_boot_scootin_gus/,https://preview.redd.it/vz5esrkuut6f1.jpg?width=3024&format=pjpg&auto=webp&s=b1f7632fb19e7f0933abb6b0a0c7d475630b4f09,0
400,1bbpruz,1403.3,31,21,2,1.0,Bee the change you want to see,https://reddit.com/r/Watercolor/comments/1bbpruz/bee_the_change_you_want_to_see/,https://i.redd.it/oal8lzp3nlnc1.jpeg,0
401,1lkz9sr,1403.2,30,179,5,0.9900000095367432,Seagulls,https://reddit.com/r/Watercolor/comments/1lkz9sr/seagulls/,https://i.redd.it/vq2bq89qp99f1.jpeg,0
402,1mds7wj,1403.1,22,56,1,0.9399999976158142,Watercolor bookmarks…with design motifs,https://reddit.com/r/Watercolor/comments/1mds7wj/watercolor_bookmarkswith_design_motifs/,https://i.redd.it/k7xanf0515gf1.jpeg,0
403,1md6vt6,1402.2,30,68,2,0.9800000190734863,"Rose , watercolor sketchbook, me",https://reddit.com/r/Watercolor/comments/1md6vt6/rose_watercolor_sketchbook_me/,https://i.redd.it/69ijnqazl0gf1.jpeg,0
404,1lemwj7,1401.5,14,28,23,0.9800000190734863,Pen suggestions?☺️,https://reddit.com/r/Watercolor/comments/1lemwj7/pen_suggestions/,https://preview.redd.it/i4dbdvmxyp7f1.jpg?width=4032&format=pjpg&auto=webp&s=85876b1bcedae117a268b6a630e4a2f023ab6424,0
405,1g79n72,1399.8,32,24,1,0.8899999856948853,Sprawl - watercolor and ink by me,https://reddit.com/r/Watercolor/comments/1g79n72/sprawl_watercolor_and_ink_by_me/,https://i.redd.it/tt997a0nzpvd1.jpeg,0
406,1js71wq,1399.5,29,116,52,0.9300000071525574,Too creepy looking? What do you think?,https://reddit.com/r/Watercolor/comments/1js71wq/too_creepy_looking_what_do_you_think/,https://i.redd.it/6qk5vkd7k1te1.jpeg,0
407,1lmgw1y,1397.8,11,212,6,1.0,What me and my friend made on a lazy sunday afternoon.,https://reddit.com/r/Watercolor/comments/1lmgw1y/what_me_and_my_friend_made_on_a_lazy_sunday/,https://i.redd.it/zi0e5jyydm9f1.jpeg,0
408,1boaopc,1397.6,29,104,1,1.0,What do you think about this one?,https://reddit.com/r/Watercolor/comments/1boaopc/what_do_you_think_about_this_one/,https://preview.redd.it/l7f96qtw5pqc1.jpg?width=3024&format=pjpg&auto=webp&s=f184ed85ce11cdd11c8577f0a45e10a9649f51bf,0
409,1o1et5u,1396.8,29,51,1,0.9300000071525574,🥔🥔🥔 I love potatoes/ watercolor painting/ by me,https://reddit.com/r/Watercolor/comments/1o1et5u/i_love_potatoes_watercolor_painting_by_me/,https://i.redd.it/v2qsslcfwwtf1.jpeg,0
410,1g7zypv,1396.3,28,50,11,0.9700000286102295,Feedback welcome! ,https://reddit.com/r/Watercolor/comments/1g7zypv/feedback_welcome/,https://preview.redd.it/6g7fhlzs8xvd1.jpg?width=4032&format=pjpg&auto=webp&s=878c2af695875930a8842a45fb3af6cfa8297a4d,0
411,1khkvd8,1395.2,27,329,26,1.0,Lunar black and Venice,https://reddit.com/r/Watercolor/comments/1khkvd8/lunar_black_and_venice/,https://i.redd.it/9d7tzd1hoize1.jpeg,0
412,1g6saiq,1392.1,27,31,5,1.0,Would you like to have some bubble tea?,https://reddit.com/r/Watercolor/comments/1g6saiq/would_you_like_to_have_some_bubble_tea/,https://i.redd.it/or30gmr7ukvd1.jpeg,0
413,1ec0o84,1390.7,31,25,5,0.949999988079071,Playing with colors and people. ,https://reddit.com/r/Watercolor/comments/1ec0o84/playing_with_colors_and_people/,https://preview.redd.it/tebfux1l9ped1.jpg?width=3000&format=pjpg&auto=webp&s=1e798b6f1e6469b7fe914e952b959b6195432710,0
414,1bg4jbh,1390.4,31,471,37,1.0,advice needed!! how can I improve?,https://reddit.com/r/Watercolor/comments/1bg4jbh/advice_needed_how_can_i_improve/,https://i.redd.it/x57w7d29sooc1.jpeg,0
415,1hjmzu8,1390.3,31,39,3,0.95,"""Walking Stick"", Watercolor ",https://reddit.com/r/Watercolor/comments/1hjmzu8/walking_stick_watercolor/,https://i.redd.it/volsbnpxma8e1.jpeg,0
416,1fwdlor,1389.8,31,40,12,0.9900000095367432,"Struggling to improve, despite practicing ",https://reddit.com/r/Watercolor/comments/1fwdlor/struggling_to_improve_despite_practicing/,https://i.redd.it/rhx2rzukwtsd1.jpeg,0
417,1jx8cg6,1389.0,32,42,1,0.9700000286102295,Apartment Plant,https://reddit.com/r/Watercolor/comments/1jx8cg6/apartment_plant/,https://i.redd.it/ijelcg4mrbue1.jpeg,0
418,1hzggin,1386.8,32,69,2,0.9900000095367432,I attempted painting with just one color,https://reddit.com/r/Watercolor/comments/1hzggin/i_attempted_painting_with_just_one_color/,https://i.redd.it/3vf3n2m59ice1.jpeg,0
419,1pp9a4l,1386.5,29,66,1,0.9900000095367432,Simple foliage in winter tones,https://reddit.com/r/Watercolor/comments/1pp9a4l/simple_foliage_in_winter_tones/,https://i.redd.it/2llrpmjn5u7g1.jpeg,0
420,1mamyj0,1386.1,31,51,5,0.9800000190734863,Playing with colors in the circles. Remind me small planets at The little Prince.,https://reddit.com/r/Watercolor/comments/1mamyj0/playing_with_colors_in_the_circles_remind_me/,https://i.redd.it/vmcxumiiafff1.jpeg,0
421,1itfzpp,1385.7,29,220,8,1.0,Shaking off the rust after not painting for about a year,https://reddit.com/r/Watercolor/comments/1itfzpp/shaking_off_the_rust_after_not_painting_for_about/,https://i.redd.it/9xmucqocq5ke1.jpeg,0
422,1fmmpbg,1383.4,7,22,3,0.9200000166893005,Early Preparing for my dear sister gift.🎁 ,https://reddit.com/r/Watercolor/comments/1fmmpbg/early_preparing_for_my_dear_sister_gift/,https://preview.redd.it/e4yxbz3mzaqd1.jpg?width=3024&format=pjpg&auto=webp&s=9791479bc2b3e96db53236f163fdf3bcc0f90971,0
423,1mtaj3u,1382.6,29,70,2,1.0,Watercolor portrait 🖌️,https://reddit.com/r/Watercolor/comments/1mtaj3u/watercolor_portrait/,https://preview.redd.it/um0ov8171pjf1.jpg?width=2503&format=pjpg&auto=webp&s=c7dff621db797553563ef3a94407312252dead7a,0
424,1hm3omx,1381.8,31,429,31,0.9900000095367432,Scared to commit,https://reddit.com/r/Watercolor/comments/1hm3omx/scared_to_commit/,https://i.redd.it/ais1fdujt09e1.png,0
425,1d10sya,1381.8,31,51,1,0.96,Chamomiles,https://reddit.com/r/Watercolor/comments/1d10sya/chamomiles/,https://i.redd.it/j0mtv73lqr2d1.jpeg,0
426,1dokz99,1380.3,30,29,4,0.97,Finished the “map” :),https://reddit.com/r/Watercolor/comments/1dokz99/finished_the_map/,https://preview.redd.it/lrllm6wo5t8d1.jpg?width=2931&format=pjpg&auto=webp&s=95f891732d6d60f23588d86032abbbac28cf2c05,0
427,192176j,1379.0,30,32,4,0.95,Bumble,https://reddit.com/r/Watercolor/comments/192176j/bumble/,https://i.redd.it/xsdfu7e29bbc1.jpeg,0
428,1mdhja4,1378.6,28,116,23,0.9700000286102295,These trees are making me go crazy 🤪,https://reddit.com/r/Watercolor/comments/1mdhja4/these_trees_are_making_me_go_crazy/,https://preview.redd.it/zz5llgirm2gf1.jpg?width=3024&format=pjpg&auto=webp&s=ec4a6d3de97d4621d293c1a5662c03ab124e4c63,0
429,1pho05k,1377.4,30,20,1,0.9599999785423279,Finished my blue city,https://reddit.com/r/Watercolor/comments/1pho05k/finished_my_blue_city/,https://i.redd.it/wteq398tm16g1.png,0
430,1cpx7a4,1376.3,30,223,25,1.0,"I’m new to watercoloring, any feedback please?",https://reddit.com/r/Watercolor/comments/1cpx7a4/im_new_to_watercoloring_any_feedback_please/,https://i.redd.it/ekxvd31qlwzc1.jpeg,0
431,1d5ev25,1373.6,32,20,15,0.96,"Help please, how do I improve this? It’s a birthday present for my dad, I have time to redo it but I don’t know how to make it better. ",https://reddit.com/r/Watercolor/comments/1d5ev25/help_please_how_do_i_improve_this_its_a_birthday/,https://i.redd.it/fe3sogkh1w3d1.jpeg,0
432,1j1rgdv,1372.6,30,76,4,0.9900000095367432,Been painting for 2 months now!,https://reddit.com/r/Watercolor/comments/1j1rgdv/been_painting_for_2_months_now/,https://i.redd.it/nxoz56pv8ame1.jpeg,0
433,19b674a,1371.0,19,21,2,0.92,My first watercolor,https://reddit.com/r/Watercolor/comments/19b674a/my_first_watercolor/,https://i.redd.it/09dvrzbsqjdc1.jpeg,0
434,1jf9v03,1370.1,31,89,10,0.9599999785423279,Post card,https://reddit.com/r/Watercolor/comments/1jf9v03/post_card/,https://i.redd.it/gepa2h634qpe1.jpeg,0
435,1kwjrmt,1369.1,29,136,6,0.9900000095367432,A snail and a leaf,https://reddit.com/r/Watercolor/comments/1kwjrmt/a_snail_and_a_leaf/,https://i.redd.it/4dbu864iwa3f1.jpeg,0
436,1gbl6kx,1366.1,31,21,3,0.9200000166893005,"Foot, side view ",https://reddit.com/r/Watercolor/comments/1gbl6kx/foot_side_view/,https://i.redd.it/5jjrnlqrotwd1.jpeg,0
437,1h1w63a,1364.0,31,25,1,0.9900000095367432,Thanksgiving blessings ,https://reddit.com/r/Watercolor/comments/1h1w63a/thanksgiving_blessings/,https://i.redd.it/kne81rynbn3e1.jpeg,0
438,1pg8bqh,1363.7,29,216,33,0.98,[OC] Should I change anything about this piece or is it done?,https://reddit.com/r/Watercolor/comments/1pg8bqh/oc_should_i_change_anything_about_this_piece_or/,https://i.redd.it/wuo9cmixcp5g1.jpeg,0
439,1gzxsqk,1362.3,29,82,3,0.98,"Golfer, watercolor paint by me.",https://reddit.com/r/Watercolor/comments/1gzxsqk/golfer_watercolor_paint_by_me/,https://i.redd.it/katenfrix43e1.jpeg,0
440,1j4ki6s,1359.9,29,24,3,1.0,Hazy midwestern day,https://reddit.com/r/Watercolor/comments/1j4ki6s/hazy_midwestern_day/,https://i.redd.it/xf162tuq7zme1.jpeg,0
441,1dsfxgm,1359.0,31,189,16,0.9900000095367432,Itty bitty banana,https://reddit.com/r/Watercolor/comments/1dsfxgm/itty_bitty_banana/,https://i.redd.it/gzx45vf4ys9d1.jpeg,0
442,1kfqty8,1358.2,31,29,6,0.9700000286102295,Fly fishing,https://reddit.com/r/Watercolor/comments/1kfqty8/fly_fishing/,https://preview.redd.it/jl1xrakrx1ze1.jpg?width=3857&format=pjpg&auto=webp&s=55a3885c6e09815a0ffebf425f96168e2a7348d8,0
443,1lh0rk8,1357.8,30,25,5,0.9399999976158142,"Rose from my garden, 30 min.",https://reddit.com/r/Watercolor/comments/1lh0rk8/rose_from_my_garden_30_min/,https://i.redd.it/k9bivj566b8f1.jpeg,0
444,1nx0r45,1356.9,27,210,11,1.0,Just saw random grandpa on the streets of Paris. Really liked his shoes 😊,https://reddit.com/r/Watercolor/comments/1nx0r45/just_saw_random_grandpa_on_the_streets_of_paris/,https://i.redd.it/txsndv9dqwsf1.jpeg,0
445,1m73o7o,1354.3,30,35,3,0.9100000262260437,First watercolor in a (hopefully) year long streak. (I'm a newbie),https://reddit.com/r/Watercolor/comments/1m73o7o/first_watercolor_in_a_hopefully_year_long_streak/,https://i.redd.it/qqwsyqhs2lef1.jpeg,0
446,1g6dco3,1352.7,31,24,4,0.8899999856948853,"Watercolor pencils, inktober and 'Roam' prompt ",https://reddit.com/r/Watercolor/comments/1g6dco3/watercolor_pencils_inktober_and_roam_prompt/,https://preview.redd.it/g2fbj9g48hvd1.jpg?width=1440&format=pjpg&auto=webp&s=a61ba360df4e1a0290a493598c9ef4c81a7c5d3e,0
447,1bbkidp,1351.8,32,34,3,1.0,I made another anatomy piece. This bad boy can fit so many trigger points in it! ,https://reddit.com/r/Watercolor/comments/1bbkidp/i_made_another_anatomy_piece_this_bad_boy_can_fit/,https://i.redd.it/vdjr8ew9jknc1.jpeg,0
448,1g9xcco,1351.3,29,130,2,0.9900000095367432,I’ve been practicing using a single color. CC welcome!,https://reddit.com/r/Watercolor/comments/1g9xcco/ive_been_practicing_using_a_single_color_cc/,https://i.redd.it/novew1s0gewd1.jpeg,0
449,1lt4py0,1350.1,30,21,4,0.9399999976158142,watercolor painted over cyanotype silhouettes,https://reddit.com/r/Watercolor/comments/1lt4py0/watercolor_painted_over_cyanotype_silhouettes/,https://preview.redd.it/fmm6k2da0abf1.jpg?width=2546&format=pjpg&auto=webp&s=c267b7977ab73570a0a3ffdc2e09dbe98b66d068,0
450,1nrifqm,1349.7,29,20,4,0.8999999761581421,Attempted to paint deer,https://reddit.com/r/Watercolor/comments/1nrifqm/attempted_to_paint_deer/,https://i.redd.it/onb8pd7uylrf1.jpeg,0
451,1f4991b,1349.2,30,800,17,1.0,Something simple I made to destress ,https://reddit.com/r/Watercolor/comments/1f4991b/something_simple_i_made_to_destress/,https://preview.redd.it/692nkl7n8nld1.jpg?width=3072&format=pjpg&auto=webp&s=c4d73039679d1c9169310f476a4cd6ada4e34d9a,0
452,1bmxgmz,1348.6,30,40,1,1.0,Testing new watercolor palette,https://reddit.com/r/Watercolor/comments/1bmxgmz/testing_new_watercolor_palette/,https://preview.redd.it/15pcdtdvycqc1.jpg?width=1850&format=pjpg&auto=webp&s=4cf47f18faba481a200a52025344f867a3be9f8f,0
453,1gdm0fk,1345.2,30,125,4,0.9800000190734863,Seahorse,https://reddit.com/r/Watercolor/comments/1gdm0fk/seahorse/,https://i.redd.it/s7yqrni1adxd1.jpeg,0
454,1dvs6al,1344.7,16,66,31,0.8999999761581421,"What is wrong with him? Pls help…complete beginner here, seeking constructive criticism 😬",https://reddit.com/r/Watercolor/comments/1dvs6al/what_is_wrong_with_him_pls_helpcomplete_beginner/,https://i.redd.it/2ouonu8ajnad1.jpeg,0
455,1fbgxub,1343.7,32,78,10,0.9800000190734863,Made some daffodils today. Trying to decide if they’re done or need more work??,https://reddit.com/r/Watercolor/comments/1fbgxub/made_some_daffodils_today_trying_to_decide_if/,https://i.redd.it/a7ben1n7agnd1.jpeg,0
456,1fhhd8a,1343.3,30,7658,395,0.9900000095367432,Watercolor sketchbook from my recent trip to Colombia ,https://reddit.com/r/Watercolor/comments/1fhhd8a/watercolor_sketchbook_from_my_recent_trip_to/,https://preview.redd.it/nbw09mdy70pd1.jpg?width=2665&format=pjpg&auto=webp&s=58b7c2209a04966cdf828ef364708dc742a6995a,0
457,1mxaf37,1340.0,12,281,18,0.9900000095367432,Bookmarks for an exhibition,https://reddit.com/r/Watercolor/comments/1mxaf37/bookmarks_for_an_exhibition/,https://i.redd.it/klpfjdarflkf1.jpeg,0
458,1oqpt3t,1337.8,31,37,4,0.99,Sleepy kitty,https://reddit.com/r/Watercolor/comments/1oqpt3t/sleepy_kitty/,https://i.redd.it/pvpn2gpsyszf1.png,0
459,1aq5uki,1331.0,29,42,0,0.99,Little goose for a friend.,https://reddit.com/r/Watercolor/comments/1aq5uki/little_goose_for_a_friend/,https://i.redd.it/gyv1bebadfic1.jpeg,0
460,1k8azwb,1330.7,29,41,1,0.9900000095367432,Tried to draw swamps (:,https://reddit.com/r/Watercolor/comments/1k8azwb/tried_to_draw_swamps/,https://preview.redd.it/l50egw7826xe1.jpg?width=4032&format=pjpg&auto=webp&s=5d93deeaaed67e86ae607a8f260151a4ac8001d1,0
461,1eb99y4,1329.9,29,31,4,0.9399999976158142,"Oker, en plein air watercolor",https://reddit.com/r/Watercolor/comments/1eb99y4/oker_en_plein_air_watercolor/,https://i.redd.it/lb9wp2b4jied1.jpeg,0
462,1bx6qco,1325.3,31,59,1,0.98,"Coffee and Camomile, t0ffee-c0ffee, ink and watercolour, 2024",https://reddit.com/r/Watercolor/comments/1bx6qco/coffee_and_camomile_t0ffeec0ffee_ink_and/,https://i.redd.it/gzz65psuqpsc1.jpeg,0
463,1hfzto6,1324.7,30,96,11,0.949999988079071,This year’s xmas cards ,https://reddit.com/r/Watercolor/comments/1hfzto6/this_years_xmas_cards/,https://preview.redd.it/1f8dkqcueb7e1.jpg?width=2434&format=pjpg&auto=webp&s=5c6a27c3e56936a007524cb9f3af8c4d3024700d,0
464,1jpgch0,1324.5,11,137,3,0.9800000190734863,water tutorial,https://reddit.com/r/Watercolor/comments/1jpgch0/water_tutorial/,https://i.redd.it/czm8p0kjncse1.jpeg,0
465,1glc2gy,1324.0,25,374,7,0.9900000095367432,I've been practicing a more loose style. I think I like it!,https://reddit.com/r/Watercolor/comments/1glc2gy/ive_been_practicing_a_more_loose_style_i_think_i/,https://i.redd.it/gfwg3jkq5dzd1.jpeg,0
466,1dgbwbq,1323.1,25,36,10,1.0,Watercolor painting (wip),https://reddit.com/r/Watercolor/comments/1dgbwbq/watercolor_painting_wip/,https://i.redd.it/amqiiyi4mo6d1.jpeg,0
467,1aupqpd,1323.1,29,20,1,0.95,Watercolor Frog & Lily Pads on Cotton Paper,https://reddit.com/r/Watercolor/comments/1aupqpd/watercolor_frog_lily_pads_on_cotton_paper/,https://preview.redd.it/j2grk9hf7kjc1.jpg?width=4038&format=pjpg&auto=webp&s=de7a6483f7b08a0b6bd32c532e86307116670041,0
468,1krkkrb,1322.8,30,90,7,0.9800000190734863,"pear, 10x15cm",https://reddit.com/r/Watercolor/comments/1krkkrb/pear_10x15cm/,https://i.redd.it/t5ukt78y312f1.jpeg,0
469,1cqbsbf,1320.1,30,47,1,0.97,Coffee,https://reddit.com/r/Watercolor/comments/1cqbsbf/coffee/,https://i.redd.it/7ca7q0mqv00d1.jpeg,0
470,1ebcs3n,1318.8,30,282,53,0.9800000190734863,Clouds are hard,https://reddit.com/r/Watercolor/comments/1ebcs3n/clouds_are_hard/,https://preview.redd.it/qz81aebh8jed1.jpg?width=3000&format=pjpg&auto=webp&s=76b128fcd0b5b115bcb013c18ae52f4c9ff04ae0,0
471,1ppn0wh,1315.1,14,40,5,1.0,Going for a loose watercolor style,https://reddit.com/r/Watercolor/comments/1ppn0wh/going_for_a_loose_watercolor_style/,https://i.redd.it/8k7kbnt6qx7g1.png,0
472,1cfy581,1314.3,30,153,12,0.89,7th Watercolor ever. I'm fucking juiced on how good I could get. No training.,https://reddit.com/r/Watercolor/comments/1cfy581/7th_watercolor_ever_im_fucking_juiced_on_how_good/,https://i.redd.it/h4righvnyexc1.jpeg,0
473,1ims8sm,1310.7,28,25,1,0.9599999785423279,Lil painting of some orcas I did a while back 💞,https://reddit.com/r/Watercolor/comments/1ims8sm/lil_painting_of_some_orcas_i_did_a_while_back/,https://i.redd.it/8djjv3gkdgie1.jpeg,0
474,1h4fqv8,1308.1,26,469,77,1.0,"I've been painting one landscape a day for all of November, here's a little video of them all",https://reddit.com/r/Watercolor/comments/1h4fqv8/ive_been_painting_one_landscape_a_day_for_all_of/,https://external-preview.redd.it/bm0zeTE3ZHVlYjRlMTIar7HViS9eg0GWgt3uVEPfUfn19Qjlgnyka9FQNedd.png?format=pjpg&auto=webp&s=6efc56421c8986dd73347dcf50dfa30ee8992ed3,0
475,1kztunq,1302.2,31,22,1,1.0,☁️,https://reddit.com/r/Watercolor/comments/1kztunq/_/,https://i.redd.it/0vu4w9xdg34f1.jpeg,0
476,1f04bnz,1299.8,29,39,1,0.9300000071525574,Two little paintings im happy with from this week. ,https://reddit.com/r/Watercolor/comments/1f04bnz/two_little_paintings_im_happy_with_from_this_week/,https://preview.redd.it/pqec8wiixlkd1.jpg?width=4000&format=pjpg&auto=webp&s=6d5c9e561e07506e1dca63d1e5828eebc2cd1287,0
477,1nqi8d1,1299.5,25,106,17,0.9700000286102295,First time using Payne’s Gray and thought a postcard value study would be a good way to try it out,https://reddit.com/r/Watercolor/comments/1nqi8d1/first_time_using_paynes_gray_and_thought_a/,https://i.redd.it/5bywkfonidrf1.jpeg,0
478,1p7wqdt,1298.9,15,72,1,0.9700000286102295,Proud of my progress over the past year,https://reddit.com/r/Watercolor/comments/1p7wqdt/proud_of_my_progress_over_the_past_year/,https://i.redd.it/oz3ffmxtbr3g1.jpeg,0
479,1k6p79c,1297.9,19,46,1,0.9599999785423279,☘️,https://reddit.com/r/Watercolor/comments/1k6p79c/_/,https://i.redd.it/lsvnl7wgjrwe1.jpeg,0
480,1i8td63,1296.4,27,24,1,1.0,My moms favorite poppy flowers,https://reddit.com/r/Watercolor/comments/1i8td63/my_moms_favorite_poppy_flowers/,https://preview.redd.it/7bt7z3nrgxee1.jpg?width=3024&format=pjpg&auto=webp&s=667371afdd1114798b1da99807e32773ffe88903,0
481,1m99ec2,1296.2,29,27,6,0.9399999976158142,Advice on what to do with the girl in the painting,https://reddit.com/r/Watercolor/comments/1m99ec2/advice_on_what_to_do_with_the_girl_in_the_painting/,https://i.redd.it/tw3lcsj6u2ff1.jpeg,0
482,1jqw2uk,1292.4,25,71,1,0.9900000095367432,A watercolor sketch while chilling by the water :) that fish was delicious,https://reddit.com/r/Watercolor/comments/1jqw2uk/a_watercolor_sketch_while_chilling_by_the_water/,https://preview.redd.it/1hl5fhcf3pse1.jpg?width=2730&format=pjpg&auto=webp&s=8d25982f4dd7a3acd4135fb5392192af64d65706,0
483,1j2peqd,1292.2,31,23,4,0.8999999761581421,playing with color,https://reddit.com/r/Watercolor/comments/1j2peqd/playing_with_color/,https://i.redd.it/ajarpeifoime1.jpeg,0
484,1fdydyi,1289.1,30,42,1,0.98,Simple Practice In My Sketchbook,https://reddit.com/r/Watercolor/comments/1fdydyi/simple_practice_in_my_sketchbook/,https://i.redd.it/nbefbts613od1.jpeg,0
485,1fzp6zd,1289.1,30,89,3,0.9800000190734863,Started watercolor about a week ago. I am obsessed with it!!! How did I not fall in love before now,https://reddit.com/r/Watercolor/comments/1fzp6zd/started_watercolor_about_a_week_ago_i_am_obsessed/,https://preview.redd.it/x85njyz0vptd1.jpg?width=3024&format=pjpg&auto=webp&s=9a61d40a19327a74ac3773e25b68f7f0535871f2,0
486,1ofq3k7,1287.7,28,31,32,0.8600000143051147,Ruined it!,https://reddit.com/r/Watercolor/comments/1ofq3k7/ruined_it/,https://i.redd.it/u9lqar0v29xf1.jpeg,0
487,1crimin,1286.4,29,45,1,0.95,Foot,https://reddit.com/r/Watercolor/comments/1crimin/foot/,https://i.redd.it/vcmnt84qab0d1.jpeg,0
488,1dj5mf3,1282.0,30,20,1,0.96,I love watercolor as a meduim so much. The process of connecting shapes and washes of colors is a joy.,https://reddit.com/r/Watercolor/comments/1dj5mf3/i_love_watercolor_as_a_meduim_so_much_the_process/,https://i.redd.it/57uoj0la7f7d1.jpeg,0
489,1h58aft,1281.9,25,674,38,0.9900000095367432,A cloud.,https://reddit.com/r/Watercolor/comments/1h58aft/a_cloud/,https://i.redd.it/liosphvfli4e1.jpeg,0
490,1maoadr,1266.1,31,172,9,0.9900000095367432,Watercolor and ink life-drawing studies,https://reddit.com/r/Watercolor/comments/1maoadr/watercolor_and_ink_lifedrawing_studies/,https://i.redd.it/tplgyhhikfff1.png,0
491,1azfj8t,1261.5,31,32,3,1.0,The poor judgement members patch,https://reddit.com/r/Watercolor/comments/1azfj8t/the_poor_judgement_members_patch/,https://i.redd.it/zj3p6oqoxnkc1.jpeg,0
492,19felhq,1258.8,30,52,3,0.98,Inspired by Sergey Temerev. I'll probably never get my clouds to look as beautiful as his but its progress! Painted on Arches A5 rough,https://reddit.com/r/Watercolor/comments/19felhq/inspired_by_sergey_temerev_ill_probably_never_get/,https://i.redd.it/zw5eie5uemec1.jpeg,0
493,1eenfbs,1258.0,28,61,8,0.9599999785423279,Let me take you Down,https://reddit.com/r/Watercolor/comments/1eenfbs/let_me_take_you_down/,https://i.redd.it/hwwjc4qg2dfd1.jpeg,0
494,1owcj8n,1248.5,30,77,4,1.0,quick fox sketch!,https://reddit.com/r/Watercolor/comments/1owcj8n/quick_fox_sketch/,https://i.redd.it/4igtw1o3731g1.jpeg,0
495,1ag5wwe,1230.9,31,21,2,0.9,"Also painted this Super Mario inspired scene, very fun 👾",https://reddit.com/r/Watercolor/comments/1ag5wwe/also_painted_this_super_mario_inspired_scene_very/,https://i.redd.it/cwmm0outkxfc1.jpeg,0
496,1oe9urj,1229.2,26,146,13,0.9900000095367432,New to drawing/watercolour. Made this for my 1 year olds room,https://reddit.com/r/Watercolor/comments/1oe9urj/new_to_drawingwatercolour_made_this_for_my_1_year/,https://i.redd.it/mnrl4mtkewwf1.jpeg,0
497,1ha2v37,1225.0,25,33,1,1.0,“Apropos Of Nothing” ,https://reddit.com/r/Watercolor/comments/1ha2v37/apropos_of_nothing/,https://i.redd.it/r2q70xayfr5e1.jpeg,0
498,198g9zl,1208.8,31,335,6,0.99,Puffer Snoopy is unbothered,https://reddit.com/r/Watercolor/comments/198g9zl/puffer_snoopy_is_unbothered/,https://i.redd.it/ylz8e5m1rvcc1.jpeg,0
499,1kxu32k,1167.6,25,28,5,0.9200000166893005,Tahoe yellow fields,https://reddit.com/r/Watercolor/comments/1kxu32k/tahoe_yellow_fields/,https://external-preview.redd.it/eW9xdGdmeDZqbDNmMRfntM6KlYrEaldWYWhQaofcv6OFl06Hy0uZ1jgMsnh2.png?format=pjpg&auto=webp&s=793834ffd1d28d6fb66d66b9f08faf3ef4ec0938,0
500,1e5gda5,1098.0,30,28,5,0.8700000047683716,Too big for a Postcard,https://reddit.com/r/Watercolor/comments/1e5gda5/too_big_for_a_postcard/,https://preview.redd.it/eo697flaj2dd1.jpg?width=3024&format=pjpg&auto=webp&s=f65950e96d635d2db35bdd3e97d77793a5d6661b,0
